あ	23
ああ	34
あくどい	1
あげる	3
あそこ	4
あちこち	2
あちら	4
あちらこちら	2
あっ	2
あっさり	1
あっち	4
あの	4
あべこべ	1
あやふや	1
あら	2
あらゆる	2
あれ	24
あれこれ	2
あんな	3
あんなに	2
あんまり	2
いいえ	4
いいえ何う致しまして	4
いえ	2
いかに	1
いかにも	1
いくらても	3
いざ	1
いっそ	1
いつのまにか	2
いやに	1
いらいら	2
いらっしゃい	4
いらっしゃいました	3
いらっしゃいませ	4
いらっしゃる	3
うち	3
うっかり	2
うろうろ	2
うん	3
うんざり	1
うんと	2
え	2
ええ	4
ええと	2
えっ	2
おい	2
おお	2
おおい	2
おかず	2
おっかない	1
おどおど	1
おむつ	1
おや	3
およそ	2
お世辞	1
お互い	2
お互いに	2
お代り	2
お休み	2
お休みなさい	4
お使い	1
お供	1
お元気で	4
お兄さん	4
お出でになる	3
お出掛け	2
お喋り	2
お姉さん	4
お婆さん	4
お嬢さん	3
お子さん	3
お宅	3
お巡りさん	4
お手上げ	1
お手伝いさん	2
お昼	2
お母さん	4
お母様	2
お気の毒に	2
お洒落	2
お父さん	4
お爺さん	4
お産	1
お皿	4
お祝い	3
お腹	4
お茶	4
お菓子	4
お金	4
お金持ち	3
かも知れない	2
がち	2
がっかり	2
がっくり	1
がっしり	1
がっちり	1
がる	4
きちっと	1
きちんと	2
きっかけ	2
きっかり	1
きっちり	1
きっぱり	1
きつい	2
きり	1
きる	2
ぎっしり	2
くしゃみ	2
くっきり	1
くっ付く	2
くっ付ける	2
ぐっすり	2
ぐっと	1
けしゴム	3
けれど	3
けれども	3
げっそり	1
こう	3
こうして	2
こちら	4
こちらこそ	4
こっそり	2
こっち	4
こつ	1
こつをつかむ	1
こんな	4
こんなに	2
ごと	2
ご覧になる	3
さ	1
さあ	4
さす	4
さぞ	1
さっき	3
さっさと	2
さっと	1
さっぱり	2
さっぱりする	1
さて	2
さよなら	4
さん	4
ざっと	2
しいんと	2
しいんとする	2
しくじる	1
しっかり	3
しつこい	2
しなやか	1
しみじみ	2
しめた	2
しゃがむ	2
しゃぶる	2
しょっちゅう	1
じっくり	1
じっと	2
じゃ	4
じゃあ	4
じゃんけん	2
すごい	3
すっかり	3
すっきり	2
すっと	2
すばしこい	1
すると	3
すんなり	1
ずうっと	2
ずっと	3
ずつ	4
ずばり	1
ずぶ濡れ	1
ずらす	2
ずらっと	1
ずらり	2
ずるずる	1
せっせと	2
せめて	2
そう	24
そうして	4
そう言えば	2
そこで	2
そして	24
そそっかしい	2
そちら	4
そっくり	2
そっち	4
そっと	2
それ	2
それはいけませんね	3
そろそろ	3
そんな	3
そんなに	3
ぞんざい	1
たくましい	1
たっぷり	2
だから	3
だが	2
だけ	4
だけど	2
だったら	1
だって	2
だと	1
だぶだぶ	1
だらけ	2
だらし無い	2
だるい	1
ちっとも	3
ちっとも塵とも	3
ちゃん	3
ちゃんと	2
ちやほや	1
ちょくちょく	1
ちらっと	1
てっきり	1
てんで	1
て仕舞う	3
で	2
でかい	1
ですから	2
では	24
ではお元気で	4
でも	4
と	1
とうとう	3
とぎれる	1
とても	4
とんだ	1
とんでもない	2
どう	4
どうか	2
どうして	4
どうしても	2
どうせ	2
どうぞ	4
どうにか	2
どうも	4
どうも有難う御座居ます	4
どうも有難う御座居ます有難う御座居ました	4
どうやら	1
どきどき	2
どっと	2
どなた	4
どれ	4
どんどん	3
どんな	4
どんなに	2
なんか	1
なんだかんだ	1
なんて	2
にこにこ	2
にっこり	2
にも拘らず	1
に取って	2
に就いて	3
に拠ると	3
ね	2
ねえ	2
のろのろ	2
のんびり	2
はあ	2
はい	4
はきはき	2
はっきり	3
はらはら	1
ばかり	3
ばったり	2
ばつ	2
ばてる	1
ひょっと	1
びっしょり	1
びら	1
びり	1
ぴかぴか	2
ぴたり	2
ぴったり	2
ふと	2
ふらふら	1
ふわふわ	2
ふんだん	1
ぶかぶか	1
ぶつぶつ	2
ぶらぶら	1
ぶら下げる	2
へそ	2
ぺこぺこ	1
ほっと	1
ぼつぼつ	1
ぼやく	1
ぼんやり	2
ぽい	2
まあ	2
まあまあ	2
まごまご	2
まさか	2
まま	3
まみれ	1
まるで	2
み	2
みたい	2
めっきり	2
もう	4
もう一つ	3
もう直ぐ	3
もしもし	4
もっと	4
もろに	1
やっつける	2
やっと	3
やむを得ない	2
ややこしい	1
ゆっくり	4
ゆっくりと	4
ゆとり	1
よいしょ	2
よく	3
よし	1
より	2
アイスクリーム	2
アイデア	2
アイディア	2
アイロン	2
アウト	2
アクセサリー	3
アクセル	1
アクセント	2
アジア	3
アップ	1
アナウンサー	3
アパート	4
アフリカ	3
アプローチ	1
アマチュア	1
アメリカ	3
アラブ	1
アルカリ	1
アルコール	3
アルバイト	3
アルバム	2
アルミ	1
アンケート	1
アンコール	1
アンテナ	2
イコール	2
イメージ	2
インキ	2
インク	2
インタビュー	2
インターチェンジ	1
インターナショナル	1
インターフォン	1
インテリ	1
インフォメーション	1
インフレ	1
ウイスキー	2
ウイルス	1
ウエイトレス	2
ウエートレス	2
ウーマン	2
ウール	2
エアメール	1
エスカレーター	3
エチケット	2
エネルギー	2
エプロン	2
エレガント	1
エレベーター	4
エンジニア	1
エンジン	2
オイル	2
オフィス	2
オリエンテーション	1
オリンピック	2
オルガン	2
オレンジ	2
オンライン	1
オーケストラ	2
オーケー	1
オートバイ	3
オートマチック	1
オートマティク	1
オートメーション	2
オーバー	23
オーバーする	1
オープン	1
カクテル	1
カセット	2
カセットテープ	2
カット	1
カップ	4
カテゴリー	1
カバー	2
カムバック	1
カメラ	4
カメラマン	1
カラー	2
カルテ	1
カレンダー	4
カレー	4
カロリー	2
カンニング	1
カー	2
カーテン	3
カード	2
カーブ	2
カーペット	1
ガイド	1
ガイドブック	1
ガス	3
ガソリン	3
ガソリンスタンド	3
ガム	2
ガラス	3
ガレージ	1
キャッチ	1
キャプテン	2
キャリア	1
キャンパス	2
キャンプ	2
キロ	24
キログラム	4
キロメートル	4
ギター	4
ギャング	2
クイズ	1
クラシック	2
クラス	4
クリスマス	2
クリーニング	2
クリーム	2
クレーン	1
クーラー	2
グラス	4
グラフ	2
グラム	2
グランド	2
グループ	2
グレー	1
ケーキ	3
ケース	12
ゲスト	1
ゲーム	2
コック	2
コップ	4
コピー	4
コピーする	4
コマーシャル	1
コミュニケーション	2
コメント	1
コレクション	2
コンクリート	2
コンクール	2
コンサート	3
コンセント	2
コンタクト	1
コンタクトレンズ	1
コンテスト	1
コントラスト	1
コントロール	1
コンパス	1
コンピュータ	3
コンピューター	3
コース	2
コーチ	2
コート(coat)	2
コート(court)	2
コート(overcoat)	4
コード	2
コーナー	1
コーヒー	4
コーラス	2
ゴム	2
ゴール	2
サイクル	1
サイズ	1
サイレン	2
サイン	2
サボる	1
サラダ	3
サラリーマン	2
サンキュー	1
サンタクロース	1
サンダル	3
サンドイッチ	3
サンプル	2
サークル	2
サービス	2
システム	1
シック	1
シナリオ	1
シャッター	2
シャツ	4
シャワー	4
ショック	1
ショップ	2
ショー	1
シリーズ	2
シーズン	2
シーツ	2
シート	1
ジェット機	2
ジャズ	1
ジャム	3
ジャンパー	1
ジャンプ	1
ジャンボ	1
ジャンル	1
ジャーナリスト	2
ジュース	2
ジーパン	1
ジーンズ	2
スイッチ	2
スカート	4
スカーフ	2
スキー	2
スクリーン	3
スクール	2
スケジュール	2
スケート	2
スタイル	2
スタジオ	1
スタンド	2
スター	2
スタート	2
スチュワーデス	2
スチーム	1
ステレオ	3
ステーキ	3
ステージ	2
スト	1
ストッキング	2
ストップ	2
ストライキ	1
ストレス	1
ストロボ	1
ストロー	1
ストーブ	4
スピーカー	2
スピーチ	2
スピード	2
スプリング	1
スプーン	4
スペース	1
スポーツ	4
スポーツカー	1
スマート	2
スライド	2
スラックス	1
スリッパ	4
スーツ	3
スーツケース	3
スーパー	3
スーパーマーケット	3
スープ	2
ズボン	4
セクション	1
セックス	1
セット	2
セメント	2
セレモニー	1
センス	1
センター	2
センチ	2
センチメートル	2
セーター	4
セール	1
ゼミ	2
ゼリー	1
ゼロ	4
ソックス	1
ソファー	2
ソフト	3
ソロ	1
ソース	1
タイトル	1
タイピスト	1
タイプ	3
タイプライター	2
タイマー	1
タイミング	1
タイム	1
タイムリー	1
タイヤ	2
タイル	1
タオル	2
タクシー	4
タレント	1
タワー	1
ダイヤ	2
ダイヤモンド	2
ダイヤル	2
ダウン	1
ダブる	2
ダブル	1
ダム	2
ダンス	2
ダンプ	1
ダース	1
チェック	3
チェックする	3
チェンジ	1
チップ	2
チャイム	1
チャンス	2
チャンネル	1
チョーク	2
チーズ	2
チーム	2
チームワーク	1
ティッシュ	1
ティッシュペーパー	1
テキスト	3
テスト	4
テニス	3
テニスコート	2
テレックス	1
テレビ	4
テント	2
テンポ	2
テーブル	4
テープ	4
テープレコーダー	4
テーマ	2
デコレーション	1
デザイン	1
デザート	1
デッサン	1
デパート	4
デモ	2
デモンストレーション	1
データ	1
デート	2
トイレ	4
トップ	2
トラック	2
トラブル	1
トランジスター	1
トランプ	2
トレーニング	2
トン	2
トンネル	2
トーン	1
ドア	4
ドライ	1
ドライクリーニング	1
ドライバー	1
ドライブ	2
ドライブイン	1
ドラマ	2
ドリル	1
ドレス	2
ナイター	1
ナイフ	4
ナイロン	2
ナプキン	1
ナンセンス	1
ナンバー	2
ニュアンス	1
ニュー	1
ニュース	4
ネガ	1
ネクタイ	4
ネックレス	2
ノイローゼ	1
ノック	2
ノート	4
ハイキング	2
ハンカチ	4
ハンガー	1
ハンサム	2
ハンドバッグ	2
ハンドル	2
ハンバーグ	3
バイオリン	2
バイバイ	2
バケツ	2
バス	14
バター	4
バッグ	2
バッジ	1
バッテリー	1
バット	1
バランス	2
バン	2
バー	1
パイプ	2
パイロット	2
パジャマ	1
パス	2
パスポート	2
パソコン	3
パターン	2
パチンコ	1
パトカー	1
パパ	3
パン	4
パンク	1
パンツ	2
パーセント	2
パーティー	4
パート	3
パートタイム	3
ヒント	1
ビジネス	1
ビタミン	2
ビデオ	2
ビニール	2
ビル	2
ビルディング	2
ビール	2
ピアノ	3
ピクニック	2
ピストル	2
ピン	2
ピンク	2
ファイト	1
ファイル	1
ファスナー	2
ファン	1
フィルター	1
フィルム	4
フェリー	1
フォーク	4
フォーム	1
フライパン	2
フリー	2
フロント	1
ブザー	1
ブラウス	2
ブラシ	2
ブルー	1
ブレーキ	2
ブローチ	2
ブーツ	1
ブーム	1
プラス	2
プラスチック	2
プラットホーム	2
プラン	2
プリント	2
プレゼント	3
プロ	2
プログラム	2
プール	4
ヘリコプター	2
ベスト	1
ベストセラー	1
ベッド	4
ベテラン	2
ベル	2
ベルト	2
ベンチ	2
ベース	1
ペア	1
ペット	4
ペン	4
ペンキ	2
ペンチ	2
ページ	4
ホテル	4
ホース	1
ホーム	2
ホール	1
ボイコット	1
ボタン	4
ボルト	1
ボーイ	2
ボート	2
ボーナス	2
ボール	2
ボールペン	4
ポイント	1
ポケット	4
ポジション	1
ポスター	2
ポスト	4
ポット	1
ポンプ	1
ポーズ	1
マイ	1
マイク	2
マイクロフォン	1
マイナス	2
マスク	2
マスコミ	1
マスター	2
マッサージ	1
マッチ	4
マフラー	2
ママ	2
マラソン	2
マンション	2
マーク	1
マーケット	2
ミシン	2
ミス	12
ミスプリント	1
ミセス	1
ミュージック	1
ミリ	2
ミリメートル	2
ミルク	2
ムード	1
メッセージ	1
メディア	1
メニュー	2
メモ	2
メロディー	1
メンバー	2
メーカー	1
メーター	2
メートル	4
メール	2
モダン	2
モデル	2
モニター	1
モノレール	2
モーター	2
モーテル	1
ヤング	1
ユニフォーム	1
ユニーク	1
ユーモア	2
ヨット	2
ヨーロッパ	2
ライス	1
ライター	2
ライト	2
ライバル	1
ラケット	2
ラジオ	4
ラジカセ	4
ラッシュアワー	2
ラベル	1
ランチ	2
ランニング	2
ランプ	1
リズム	2
リットル	2
リボン	2
リポート	3
リード	1
ルーズ	1
ルール	1
レインコート	2
レギュラー	1
レクリエーション	2
レコード	4
レジ	3
レジャー	2
レストラン	4
レッスン	1
レディー	1
レバー	1
レベル	2
レポート	3
レンジ	1
レンズ	2
レンタカー	1
レントゲン	1
レース	1
ロケット	2
ロッカー	2
ロビー	2
ロマンチック	1
ロマンティック	1
ロープ	1
ロープウエイ	1
ローマ字	2
ワイシャツ	4
ワイン	2
ワット	1
ワンピース	2
ワープロ	3
一	24
一々	4
一つ	4
一人	4
一人一人	2
一休み	2
一体	4
一先ず	2
一切	1
一同	1
一変	1
一定	2
一家	2
一寸	4
一層	2
一帯	1
一度	3
一度に	2
一律	1
一心	1
一応	2
一息	1
一括	1
一挙に	1
一斉	2
一斉に	2
一方	2
一日	4
一旦	2
一昨々日	2
一昨年	24
一昨日	24
一時	2
一月	4
一杯	3
一概に	1
一様	1
一段と	2
一気	1
一流	2
一生	2
一生懸命	3
一番	4
一目	1
一瞬	2
一種	2
一筋	1
一緒	4
一致	2
一般	3
一般に	3
一見	1
一言	2
一通り	2
一連	1
一部	2
一部分	1
一面	1
一頃	1
丁寧	3
丁度	4
丁目	2
七	24
七つ	4
七日	4
万	4
万が一	2
万一	2
万人	1
万年筆	4
万歳	2
万能	1
丈	1
丈夫	4
三	4
三つ	4
三味線	1
三日	4
三日月	2
三角	2
上	24
上がり	1
上がる	3
上げる	4
上り	2
上下	2
上京	2
上位	1
上司	1
上品	2
上回る	1
上手	4
上手い	3
上旬	2
上昇	1
上演	1
上着	4
上空	1
上等	2
上級	2
上達	2
上陸	1
下	24
下がる	3
下げる	3
下さい	4
下さる	3
下らない	2
下り	2
下りる	3
下る	2
下ろす	2
下取り	1
下品	2
下地	1
下宿	3
下宿する	3
下心	1
下手	4
下旬	2
下書き	2
下水	2
下火	1
下町	2
下痢	1
下着	3
下線	2
下調べ	1
下車	2
下降	2
下駄	2
不	2
不便	3
不利	2
不動産	1
不可	2
不可欠	1
不吉	1
不味い	4
不在	1
不安	2
不審	1
不平	2
不幸	2
不当	1
不思議	2
不意	1
不振	1
不明	1
不景気	1
不服	1
不正	2
不況	1
不満	2
不潔	2
不自由	2
不良	1
不規則	2
不評	1
不調	1
不足	2
不通	2
不運	2
不順	1
与える	2
与党	1
且	1
世	1
世の中	2
世代	1
世帯	1
世界	3
世紀	2
世話	3
世話する	3
世論	1
世辞	1
世間	2
丘	2
丘陵	1
両	2
両側	2
両方	3
両替	2
両極	1
両立	1
両親	4
並	1
並びに	1
並ぶ	4
並べる	4
並列	1
並木	2
並行	1
中	24
中々	3
中世	2
中傷	1
中古	2
中味	2
中和	1
中央	2
中学	2
中学校	3
中年	2
中心	2
中性	2
中指	2
中断	1
中旬	2
中枢	1
中止	3
中止する	3
中毒	1
中程	1
中立	1
中継	1
中腹	1
中身	2
中途	2
中間	2
丸	2
丸々	1
丸い	4
丸ごと	1
丸っきり	1
丸める	1
丸円	2
主	1
主な	2
主に	2
主人	23
主人公	1
主任	1
主体	1
主催	1
主婦	2
主導	1
主張	2
主役	2
主権	1
主演	1
主義	2
主要	2
主観	1
主語	2
主題	1
主食	1
丼	2
乃至	1
久しい	1
久しぶり	3
乍ら	4
乏しい	1
乗せる	2
乗っ取る	1
乗り換え	2
乗り換える	3
乗り物	3
乗り越し	2
乗り込む	1
乗る	4
乗客	2
乗車	2
乙	1
九	4
九つ	4
九日	4
乱れ	1
乱れる	1
乱暴	2
乳	1
乾かす	2
乾く	3
乾杯	2
乾燥	2
乾電池	2
了承	1
了解	1
予て	1
予め	1
予備	2
予報	2
予定	3
予想	1
予感	1
予期	2
予測	2
予算	2
予約	3
予習	3
予言	1
予防	2
争い	1
争う	2
事	3
事に依ると	1
事件	2
事前	2
事務	2
事務所	3
事実	1
事情	2
事態	2
事故	3
事柄	1
事業	1
事項	1
二	4
二つ	4
二人	4
二十日	4
二十歳	4
二日	4
云々	1
互い	2
五	4
五つ	4
五十音	2
五日	4
井戸	2
亜	2
亡くなる	3
交える	1
交ざる	2
交じる	2
交ぜる	2
交わす	1
交わる	1
交互	1
交付	1
交代	1
交差	2
交差点	4
交換	2
交易	1
交替	2
交流	2
交渉	1
交番	4
交通	3
交通機関	2
交際	2
享受	1
人	4
人事	2
人体	1
人口	3
人命	2
人工	2
人差し指	2
人形	3
人影	1
人情	1
人文科学	2
人材	1
人柄	1
人格	1
人民	1
人気	12
人物	2
人生	2
人目	1
人種	2
人質	1
人込み	2
人通り	2
人造	2
人間	2
人類	2
今	24
今に	2
今にも	2
今回	2
今夜	3
今年	4
今度	23
今後	2
今日	24
今日は	4
今晩	4
今晩は	4
今更	1
今月	4
今朝	4
今週	4
介入	1
介抱	1
介護	1
仏	2
仏像	1
仕える	1
仕上がり	1
仕上がる	2
仕上げ	1
仕上げる	1
仕事	4
仕入れる	1
仕切る	1
仕掛け	1
仕掛ける	1
仕方	3
仕方がない	2
仕来り	1
仕様	1
仕様がない	2
仕立てる	1
仕組	1
仕舞い	2
仕舞う	23
仕舞った	2
他	2
他人	2
他動詞	1
他方	1
付	2
付く	2
付ける	3
付け加える	1
付合い	2
付合う	2
付属	2
付近	2
付録	1
代	3
代える	2
代わり	3
代わりに	3
代わる	2
代わる代わる	1
代名詞	2
代弁	1
代理	2
代用	1
代表	2
代金	2
以って	1
以上	3
以下	3
以内	3
以前	2
以外	3
以後	2
以来	2
以降	2
仮	1
仮に	1
仮名	2
仮名遣い	2
仮定	2
仰ぐ	1
仰る	3
仲	2
仲人	1
仲直り	2
仲良し	2
仲間	2
件	1
任す	1
任せる	2
任務	1
任命	1
企業	2
企画	1
休み	4
休む	4
休める	1
休学	1
休息	2
休憩	2
休戦	1
休暇	2
休業	2
休講	2
休養	2
会	23
会う	4
会合	2
会員	2
会場	3
会社	4
会見	1
会計	2
会話	3
会談	1
会議	3
会議室	3
会館	2
伝える	3
伝わる	2
伝来	1
伝染	2
伝統	2
伝言	2
伝記	2
伝説	1
伝達	1
伯母	4
伯母さん	4
伯父	4
伯父さん	4
伴う	2
伸ばす	2
伺う	3
似る	3
似合う	2
似通う	1
但し	2
位	24
位置	1
低	2
低い	4
低下	2
住	1
住まい	2
住む	4
住宅	2
住居	2
住所	3
住民	2
体	4
体制	2
体力	1
体操	2
体格	1
体温	2
体積	2
体系	2
体育	2
体裁	1
体重	2
体験	1
何	4
何々	2
何う致しまして	24
何か	2
何しろ	2
何だか	1
何で	2
何でも	2
何と	1
何とか	2
何となく	2
何とも	2
何なり	1
何の	4
何も	2
何より	1
何れ	2
何処	4
何処か	2
何分	2
何卒	1
何故	4
何故なら	2
何故ならば	2
何方	4
何時	4
何時か	2
何時でも	2
何時までも	2
何時も	4
何気ない	1
余	2
余り	4
余る	2
余分	2
余地	1
余所	2
余所見	1
余暇	1
余程	1
余興	1
余裕	2
余計	2
作	1
作り	1
作る	34
作品	2
作家	2
作成	2
作戦	1
作文	4
作曲	2
作業	2
作法	2
作物	2
作用	1
作者	2
作製	2
併せる	2
使い道	1
使う	4
使命	1
使用	2
使用人	1
例	2
例え	12
例えば	3
例える	2
例外	2
侍	1
供給	2
依存	1
依然	1
依頼	2
価値	2
価格	2
侮辱	1
侵す	2
侵入	2
侵略	1
便	2
便り	2
便利	4
便宜	1
便所	2
便箋	2
係り	2
係わる	2
促す	1
促進	1
俄	2
俄に	2
保つ	1
保健	2
保存	2
保守	1
保温	1
保管	1
保育	1
保証	2
保護	1
保険	1
保障	1
保養	1
信じる	2
信じる信ずる	2
信ずる	2
信仰	2
信任	1
信号	2
信念	1
信用	2
信者	1
信頼	2
修了	1
修士	1
修学	1
修正	2
修理	2
修繕	2
修行	1
修飾	1
俯く	1
俳優	2
俳句	2
俺	1
倅	1
倉庫	2
個	4
個々	1
個人	2
個別	1
個性	1
倍	23
倍率	1
倒す	2
倒れる	3
倒産	1
候補	2
借り	1
借りる	4
借金	2
値	12
値する	1
値引き	2
値打ち	1
値段	3
倹約	1
偉い	2
偉大	2
偏見	1
停止	2
停滞	1
停留所	2
停車	2
停電	2
健やか	1
健全	1
健在	1
健康	2
側	4
側面	1
偶	2
偶々	2
偶に	3
偶数	2
偶然	2
偽造	1
傍ら	1
傑作	2
傘	4
備える	2
備え付ける	1
備わる	1
催し	2
催す	1
催促	2
傷	2
傷める	1
傷付く	1
傷付ける	1
傾く	2
傾ける	1
傾らか	2
傾向	2
傾斜	1
僅か	2
働き	2
働く	4
像	2
僕	3
僧	1
儀式	2
億	3
儚い	1
償い	1
優	1
優しい	3
優れる	2
優位	1
優先	1
優勝	2
優勢	1
優秀	2
優美	1
優越	1
儲かる	2
儲ける	2
元	2
元々	2
元年	1
元日	2
元来	1
元気	4
元素	1
元首	1
兄	4
兄弟	4
充実	1
兆	2
兆し	1
先	14
先々月	2
先々週	2
先ず	3
先に	1
先代	1
先天的	1
先日	2
先月	4
先生	4
先着	1
先祖	2
先程	2
先端	2
先行	1
先輩	3
先週	4
先達て	1
先頭	2
光	13
光る	3
光景	2
光沢	1
光熱費	1
光線	2
克服	2
免れる	1
免税	2
免許	2
免除	1
兎	2
兎に角	2
兎も角	2
兎角	1
児	1
児童	2
党	2
入り口	4
入る	4
入れる	4
入場	2
入学	3
入学する	3
入手	1
入浴	1
入物	2
入社	2
入賞	1
入院	3
入院する	3
全	2
全く	2
全て	2
全体	2
全力	2
全員	2
全国	2
全快	1
全滅	1
全然	3
全盛	1
全般	2
全身	2
全部	4
全集	2
八	4
八つ	4
八日	4
八百屋	4
公	1
公共	2
公務	2
公務員	3
公募	1
公団	1
公園	4
公害	2
公平	2
公式	2
公正	2
公演	1
公然	1
公用	1
公立	1
公衆	2
公表	2
公認	1
公開	1
六	4
六つ	4
六日	4
共	1
共に	2
共働き	1
共同	2
共和	1
共存	1
共学	1
共感	1
共産	2
共稼ぎ	1
共通	2
共鳴	1
兵器	1
兵士	1
兵隊	2
其々	2
其の	4
其の上	2
其の儘	2
其の内	2
其の外	2
其の為	2
其の頃	2
其れ	4
其れから	14
其れで	3
其れでは	4
其れでも	2
其れと	2
其れとも	2
其れなのに	2
其れなら	2
其れに	3
其れ程	3
其処	4
其処ら	1
具える	2
具わる	1
具体	2
具合	3
典型	2
兼ねる	2
兼業	1
兼用	1
内	2
内乱	1
内容	2
内心	1
内科	2
内緒	1
内線	2
内臓	1
内訳	1
内部	1
内閣	1
内陸	1
円	24
円い	4
円らな	1
円周	2
円満	1
円滑	1
冊	4
再	2
再び	2
再三	2
再会	1
再建	1
再来年	4
再来月	3
再来週	3
再現	1
再生	1
再発	1
冒険	2
冒頭	1
冗談	2
写し	1
写す	3
写る	2
写生	2
写真	4
冠	2
冬	4
冬眠	1
冴える	1
冷える	3
冷たい	4
冷ます	2
冷める	2
冷やかす	1
冷やす	2
冷凍	2
冷房	3
冷淡	1
冷蔵	1
冷蔵庫	4
冷酷	1
冷静	2
凌ぐ	1
凍える	2
凍る	2
凝らす	1
凝る	1
几帳面	1
処分	1
処理	2
処置	1
処罰	1
凭れる	2
凶作	1
凸凹	2
凹む	2
出す	34
出る	4
出世	1
出会い	2
出会う	2
出会す	2
出入り	2
出入口	2
出動	1
出勤	2
出口	4
出合い	2
出合う	2
出品	1
出場	2
出席	3
出席する	3
出張	2
出掛	4
出来る	234
出来るだけ	3
出来れば	2
出来上がり	2
出来上がる	2
出来事	2
出来物	1
出演	1
出版	2
出現	1
出生	1
出産	1
出発	3
出発する	3
出直し	1
出社	1
出血	1
出費	1
出身	2
出迎え	2
出迎える	2
出題	1
出鱈目	2
刀	2
刃	1
分	24
分かる	4
分かれる	2
分ける	2
分れ	2
分子	1
分布	2
分担	1
分散	1
分数	2
分析	2
分業	1
分母	1
分裂	1
分解	2
分配	1
分野	2
分量	2
分離	1
分類	2
切	12
切ない	1
切る	4
切れる	2
切れ目	1
切実	1
切手	4
切替える	1
切符	4
切開	1
刈る	2
刊	2
刊行	1
刑	1
刑事	2
刑罰	1
列	2
列島	2
列車	2
初	2
初め	4
初めて	4
初めに	4
初めまして	4
初旬	2
初歩	2
初版	1
初級	2
初耳	1
判	1
判事	2
判子	2
判定	1
判断	2
判決	1
別	3
別々	2
別に	2
別れ	2
別れる	3
別居	1
別荘	2
利口	2
利子	1
利害	2
利息	1
利潤	1
利点	1
利用	3
利用する	3
利益	2
到底	1
到着	2
到達	1
制	1
制する	1
制作	2
制定	1
制度	2
制服	1
制約	1
制裁	1
制限	2
刷る	2
券	2
刺	2
刺さる	2
刺激	2
刺繍	1
刺身	2
刻む	2
剃る	2
剃刀	2
削る	2
削減	1
削除	2
前	24
前に	1
前もって	1
前例	1
前半	1
前売り	1
前後	2
前提	1
前置き	1
前者	2
前途	1
前進	2
剥がす	2
剥く	2
剥ぐ	1
剥げる	1
副	2
副詞	2
割	1
割りと	2
割りに	2
割りに割りと	2
割る	2
割れる	3
割合	3
割合に	3
割引	2
割当	1
割算	2
割込む	1
創作	2
創刊	1
創立	1
創造	1
劇	2
劇団	1
劇場	2
力	23
力強い	2
功績	2
加える	2
加わる	2
加入	1
加味	1
加工	1
加減	2
加熱	2
加速	2
加速度	2
劣る	2
助	2
助かる	2
助け	1
助ける	2
助動詞	1
助手	2
助教授	2
助言	1
助詞	1
努めて	1
努める	2
努力	2
励ます	1
励む	1
労わる	1
労働	2
労力	1
効き目	1
効く	2
効力	2
効果	2
効率	1
勇ましい	2
勇敢	1
勇気	2
勉強	4
勉強する	4
動かす	2
動き	1
動く	3
動作	2
動力	1
動向	1
動員	1
動揺	1
動機	1
動物	4
動物園	3
動的	1
動詞	2
勘	2
勘定	2
勘弁	1
勘違い	2
務まる	1
務め	2
務める	2
勝	2
勝ち	2
勝つ	3
勝る	1
勝利	1
勝手	1
勝手に	2
勝敗	2
勝負	2
募る	1
募金	1
募集	2
勢い	2
勢力	1
勤め	2
勤める	24
勤める務める努める	2
勤め先	1
勤労	1
勤勉	1
勤務	1
勧め	1
勧める	2
勧告	1
勧誘	1
勿体無い	2
勿論	3
匂い	3
匂う	2
包み	2
包む	23
包丁	2
包帯	2
包装	2
化	2
化ける	1
化合	1
化学	2
化石	1
化粧	2
化繊	1
北	4
北極	2
匙	2
匹	4
匹敵	1
区	3
区々	1
区分	2
区切り	1
区切る	2
区別	2
区域	2
区画	1
区間	1
医学	3
医師	2
医療	2
医者	4
医院	1
十	4
十分	3
十字路	1
十日	4
千	4
千切る	2
午前	4
午後	4
半	24
半ば	2
半分	4
半島	2
半径	2
半端	1
卑しい	1
卑怯	2
卒業	3
卒業する	3
協会	1
協力	2
協定	1
協調	1
協議	1
南	4
南北	2
南極	2
南米	2
単	1
単なる	2
単に	2
単一	1
単位	2
単数	2
単独	1
単純	2
単語	2
単調	1
博士	2
博物館	2
占う	2
占める	2
占領	1
印	2
印刷	2
印象	2
印鑑	1
危うい	2
危ない	4
危ぶむ	1
危害	1
危機	1
危険	3
即する	1
即ち	2
即座に	1
却って	2
卵	4
卸す	2
厄介	2
厚い	4
厚かましい	2
原	2
原っぱ	1
原作	1
原典	1
原則	1
原因	3
原型	1
原型原形	1
原始	2
原子	1
原形	1
原文	1
原料	2
原書	1
原油	1
原点	1
原爆	1
原理	2
原産	2
原稿	2
厳か	1
厳しい	3
厳密	1
厳重	2
去る	2
去年	4
参る	3
参上	1
参加	2
参照	1
参考	2
参議院	1
又	4
又は	3
及び	1
及ぶ	1
及ぼす	2
友	2
友人	2
友好	2
友情	2
友達	4
双子	2
反	2
反する	2
反る	1
反乱	1
反対	3
反射	1
反応	1
反感	1
反抗	2
反撃	1
反映	2
反発	1
反省	2
反響	1
収まる	1
収める	2
収入	2
収容	1
収支	1
収益	1
収穫	2
収集	1
叔母	34
叔父	4
取って	2
取り上げる	2
取り付ける	1
取り入れる	2
取り出す	2
取り分け	1
取り寄せる	1
取り巻く	1
取り引き	1
取り戻す	1
取り扱い	1
取り扱う	1
取り敢えず	1
取り替え	1
取り替える	3
取り次ぐ	1
取り消す	2
取り混ぜる	1
取り立てる	1
取り組む	1
取り締まり	1
取り締まる	1
取り調べる	1
取り除く	1
取る	4
取れる	2
取材	1
受かる	1
受ける	3
受け付ける	1
受け入れ	1
受け入れる	1
受け取り	2
受け取る	2
受け持ち	1
受け持つ	2
受け止める	1
受け継ぐ	1
受付	3
受話器	2
受身	1
受験	2
口	24
口ずさむ	1
口実	2
口紅	2
口述	1
口頭	1
古	2
古い	4
古代	1
古典	2
句	2
句読点	2
叩く	12
只	2
只今	3
只管	1
叫び	1
叫ぶ	2
召し上がる	3
召す	1
可	2
可哀想	2
可愛い	4
可愛がる	2
可愛らしい	2
可成	2
可決	2
可笑しい	3
可能	2
台	24
台所	4
台本	1
台無し	1
台詞	2
台風	3
叱る	3
史	2
右	4
叶う	1
叶える	1
叶わない	1
号	2
司る	1
司会	2
司法	1
吃驚する	3
各	2
各々	2
各地	2
各種	1
各自	2
合う	3
合わす	1
合わせ	1
合わせる	2
合併	1
合同	2
合唱	1
合図	2
合意	1
合成	1
合格	2
合流	2
合理	2
合致	1
合計	2
合議	1
合間	1
吊る	2
吊るす	2
吊革	1
同	2
同い年	1
同じ	4
同一	2
同僚	2
同士	1
同封	1
同居	1
同志	1
同情	1
同意	1
同感	1
同時	2
同格	2
同様	2
同盟	1
同等	1
同級	1
同調	1
名	2
名人	2
名付ける	1
名作	2
名刺	2
名前	4
名字	2
名所	2
名札	1
名残	1
名物	2
名産	1
名称	1
名簿	1
名詞	2
名誉	1
名高い	1
吐く	2
吐気	2
向い	2
向う	3
向き	2
向く	2
向け	2
向ける	2
向こう	4
向上	1
君	3
君主	1
吝	2
吟味	1
吠える	2
否定	2
否決	1
含む	2
含める	2
吸う	4
吸収	2
吹く	4
吹奏	1
吹雪	2
呆ける	1
呆れる	2
呆気ない	1
呆然	1
呉々も	2
呉れる	3
告げる	1
告白	1
呑気	2
呟く	1
周り	2
周る	3
周囲	2
周期	1
周辺	2
味	13
味わい	1
味わう	2
味噌	2
味方	2
味覚	1
呼び掛ける	2
呼び止める	1
呼ぶ	4
呼出す	2
呼吸	2
命	2
命じる	2
命じる命ずる	2
命ずる	2
命中	1
命令	2
咄嗟	1
咄嗟に	1
和	2
和やか	1
和らげる	1
和文	1
和服	2
和英	2
和風	1
咎める	1
咥える	2
咬む	3
咲く	4
咳	2
哀れ	2
品	2
品物	3
品種	1
品質	1
員	3
哲学	2
唇	2
唯	2
唯一	2
唱える	1
唸る	2
唾	2
商	2
商人	2
商品	2
商売	2
商店	2
商業	2
商社	2
問	2
問う	2
問合せ	2
問合せる	1
問屋	1
問答	2
問題	4
善	2
善し悪し	1
善良	1
喉	3
喋る	2
喜び	2
喜ぶ	3
喜劇	1
喧しい	2
喧嘩	3
喧嘩する	3
喪	1
喪失	1
喫茶	2
喫茶店	4
営	1
営む	1
営業	2
嗅ぐ	2
嗜好	1
嗽	2
嘆く	1
嘗て	1
嘗める	1
嘘	3
嘘つき	1
嘲笑う	1
嘴	1
噂	2
噛む	3
噛切る	1
噦	2
器	12
器具	2
器官	1
器械	2
器用	2
噴出	1
噴水	2
噴火	2
囀る	1
囁く	2
四	24
四つ	4
四つ角	2
四季	2
四捨五入	2
四日	4
四角	2
四角い	2
四角な	2
回	24
回す	2
回り	2
回り周り	2
回り道	2
回る	3
回収	1
回復	2
回数	2
回数券	2
回答	2
回覧	1
回路	1
回転	2
回送	1
因って	1
因る	2
団	2
団体	2
団地	2
団扇	1
団結	1
困る	4
困難	2
囲む	2
図	2
図々しい	2
図る	1
図形	2
図書	2
図書館	4
図表	2
図鑑	2
固い	3
固まる	2
固める	1
固体	2
固定	1
固有	1
国	24
国交	1
国会	2
国土	1
国境	2
国定	1
国家	2
国有	1
国民	2
国王	2
国産	1
国立	2
国籍	2
国語	2
国連	1
国防	1
国際	3
圏	1
園	2
園芸	2
土	2
土俵	1
土台	1
土地	2
土手	1
土曜	2
土曜日	4
土木	1
土産	2
圧倒	1
圧力	1
圧縮	2
圧迫	1
在る[存在]	4
在学	2
在庫	1
地	2
地下	2
地下水	2
地下鉄	4
地主	1
地位	2
地元	1
地区	2
地名	2
地味	2
地図	4
地域	2
地帯	2
地平線	2
地形	1
地方	2
地点	2
地獄	1
地球	2
地理	3
地盤	2
地質	2
地震	3
地面	2
坂	3
均衡	1
坊さん	2
坊ちゃん	2
坊や	2
垂れる	1
垂直	2
型	2
垢	1
垣根	2
埃	2
埋まる	1
埋める	12
埋め込む	1
埋蔵	1
城	2
城下	1
執る	2
執着	2
執筆	2
基	2
基づく	2
基地	2
基本	2
基準	2
基盤	2
基礎	2
基金	1
堀	2
堂々	1
堅い	3
堤防	1
堪える	12
堪らない	2
報じる	1
報じる報ずる	1
報ずる	1
報告	2
報道	1
報酬	1
場	2
場合	3
場所	3
場面	2
塀	2
塊	2
塔	2
塗る	3
塞がる	2
塞ぐ	2
塩	4
塩辛い	2
塵	13
塵取	1
塵紙	2
塾	1
境	2
境地	1
境界	2
境遇	1
墓	2
墓地	1
増える	3
増し	1
増す	2
増やす	2
増加	1
増大	2
増強	1
増減	2
増進	1
墜落	1
墨	2
壁	3
壊す	3
壊れる	3
士	1
壮大	1
声	4
声明	1
売り上げ	2
売り出し	1
売り出す	1
売り切れ	2
売り切れる	2
売り場	3
売る	4
売れる	2
売れ行き	2
売店	2
売買	2
壷	1
変	3
変える	3
変わる	3
変動	1
変化	2
変更	2
変遷	1
変革	1
夏	4
夏休み	4
夕べ	2
夕刊	2
夕方	4
夕日	2
夕暮れ	1
夕焼け	1
夕立	2
夕飯	4
外	24
外す	2
外れる	2
外交	2
外出	2
外国	4
外国人	4
外方	1
外来	1
外相	1
外科	2
外観	1
外貨	1
外部	2
多い	4
多分	4
多少	2
多忙	1
多数決	1
多様	1
夜	24
夜中	2
夜具	1
夜明け	2
夜更かし	1
夜更け	1
夜行	2
夜間	2
夢	3
夢中	2
夥しい	1
大	2
大いに	2
大きい	4
大きな	4
大した	2
大して	2
大まかな	1
大丈夫	4
大事	3
大人	4
大人しい	2
大会	2
大体	3
大使	2
大使館	4
大便	1
大凡	2
大分	23
大切	4
大勢	4
大半	2
大変	4
大好き	4
大学	4
大学生	3
大学院	2
大家	12
大小	2
大層	2
大工	2
大幅	1
大戦	2
大抵	3
大方	1
大木	2
大柄	1
大概	1
大気	2
大水	1
大空	1
大筋	1
大統領	2
大胆	1
大臣	2
大衆	1
大袈裟	1
大通り	2
大部	1
大部分	2
大金	1
大陸	2
大雑把	1
天	1
天下	1
天井	2
天体	1
天候	2
天国	1
天地	1
天才	1
天気	4
天気予報	3
天災	1
天然	2
天皇	2
天辺	1
太い	4
太る	3
太陽	2
太鼓	2
夫	3
夫々	2
夫人	2
夫妻	2
夫婦	2
失う	2
失恋	2
失敗	3
失敗する	3
失望	2
失格	1
失業	2
失礼	3
失礼しました	4
失礼します	4
失礼する	3
失脚	1
失調	1
奇妙	2
奇数	2
奉る	1
奉仕	1
契る	2
契機	2
契約	2
奢る	1
奥	2
奥さん	4
奥様	2
奨励	1
奨学金	2
奪う	2
奮闘	1
女	24
女の人	2
女の子	4
女優	2
女史	1
女子	2
女性	3
女房	2
女王	2
奴	1
好い加減	1
好き	4
好き好き	2
好き嫌い	2
好く	4
好ましい	1
好み	2
好む	2
好意	1
好況	1
好評	1
好調	1
如何	4
妊娠	1
妙	2
妥協	1
妥当	2
妥結	1
妨げる	2
妨害	1
妬む	1
妹	4
妹さん	4
妻	3
姉	4
姉妹	2
始まり	2
始まる	4
始める	3
始末	1
始発	1
始終	2
姓	2
姓名	1
委員	2
委託	1
姪	2
姿	2
姿勢	2
威力	1
威張る	2
娘	3
娘さん	3
娯楽	2
婉曲	1
婚約	2
婦人	2
婿	1
嫁	2
嫉妬	1
嫌	4
嫌々	1
嫌い	4
嫌う	2
嫌がる	2
嫌らしい	1
嬉しい	3
嬢	1
子	3
子供	4
子孫	2
子息	1
字	3
字体	1
字引	4
存じる	2
存じる存ずる	2
存ずる	2
存在	2
存続	1
孝行	2
季刊	1
季節	3
孤児	1
孤独	1
孤立	1
学	2
学ぶ	2
学会	2
学力	2
学問	2
学士	1
学年	2
学期	2
学校	4
学歴	1
学生	4
学科	2
学級	2
学習	2
学者	2
学芸	1
学術	2
学説	1
学部	23
孫	2
宅	2
宇宙	2
守	2
守備	1
守衛	1
安い	4
安っぽい	1
安全	3
安定	2
安心	3
安心する	3
安易	2
安静	1
完了	2
完全	2
完成	2
完璧	1
宗	2
宗教	2
官	1
官僚	1
官庁	2
宙返り	1
定まる	1
定める	1
定休日	2
定価	2
定員	2
定年	1
定期	2
定期券	2
定理	1
定義	1
定規	2
定食	1
宛	1
宛てる	1
宛名	2
宛字	1
宜しい	3
宜しく	4
宝	2
宝石	2
実	12
実に	2
実は	2
実る	2
実例	2
実力	2
実家	1
実情	1
実感	2
実態	1
実施	2
実業家	1
実物	2
実現	2
実用	2
実績	2
実習	2
実行	2
実費	1
実質	1
実践	1
実際	2
実験	2
客	3
客席	2
客観	1
客間	2
宣伝	2
宣教	1
宣言	1
室	2
宮殿	1
害	2
害する	1
宴会	2
家	234
家主	2
家事	2
家具	2
家内	3
家出	1
家屋	2
家庭	4
家族	4
家来	1
家畜	1
家計	1
家賃	2
容器	2
容易	2
容易い	1
容積	2
宿	2
宿命	1
宿泊	2
宿題	4
寂しい	3
寄せる	2
寄り	1
寄り掛かる	1
寄る	3
寄与	1
寄付	2
寄贈	1
密か	1
密度	1
密接	1
密集	1
富豪	1
寒い	4
寒帯	2
寒気	1
寛容	1
寝かせる	1
寝る	4
寝台	2
寝坊	3
寝巻き	2
寝間着	2
察する	1
寧ろ	2
審判	2
審査	1
審議	1
寮	2
寸法	2
寺	23
寺院	2
対	2
対する	2
対処	1
対応	1
対抗	1
対比	1
対決	1
対照	2
対立	2
対等	1
対策	2
対話	1
対談	1
対象	2
対面	1
寿命	2
封	1
封建	1
封筒	4
封鎖	1
専ら	1
専修	1
専制	2
専攻	2
専用	1
専門	3
射	2
将に	2
将来	3
将棋	2
尊い	1
尊い貴い	1
尊ぶ	1
尊敬	2
尊重	2
尋ねる	3
導く	1
導入	1
小	2
小さい	4
小さな	4
小便	2
小児科	1
小切手	1
小包	2
小売	1
小学校	3
小学生	2
小屋	2
小指	2
小数	2
小柄	1
小母さん	2
小父さん	2
小説	3
小遣い	2
小銭	1
小鳥	3
小麦	2
少々	2
少し	4
少しも	2
少ない	4
少なくとも	2
少女	2
少年	2
尖る	2
尚	2
尚更	1
尤も	2
就いて	3
就く	2
就任	2
就業	1
就職	2
尻	2
尻尾	2
尽きる	1
尽す	1
尾	1
尿	1
局	2
局限	1
居る	4
居る[の謙譲語]	3
居住	1
居眠り	2
居間	2
屈折	1
届く	2
届け	1
届ける	3
屋	4
屋上	3
屋外	2
屋敷	1
屋根	2
屎尿	1
屑	2
展望	1
展示	1
展覧会	3
展開	2
属する	2
屡々	2
履く	4
履歴	1
山	24
山岳	1
山林	2
山脈	1
山腹	1
山頂	1
屹度	3
岩	4
岩石	1
岬	2
岸	2
峠	2
峰	1
島	23
崇拝	1
崖	1
崩す	2
崩れる	2
崩壊	1
嵌める	2
嵌る	1
嵐	2
嵩む	1
嵩張る	1
川	4
州	2
巡る	2
巡査	2
巣	2
工事	2
工作	1
工員	2
工場	23
工夫	2
工学	1
工業	3
工芸	2
左	4
左利き	1
左右	2
左様なら	4
巧い	3
巧み	1
巧妙	1
巨大	2
巫山戯る	2
差	2
差し上げる	3
差し出す	1
差し引き	1
差し引く	2
差し掛かる	1
差し支え	2
差し支える	1
差別	2
差額	1
巻	2
巻く	2
市	13
市場	12
市民	3
市街	1
布	2
布告	1
布団	3
布巾	1
希望	2
師	1
席	3
帯	12
帯びる	1
帰す	2
帰り	3
帰る	4
帰京	1
帰宅	2
帳	2
常に	2
常識	2
帽子	4
幅	2
幕	2
干し	1
干し物	1
干す	2
干渉	1
平たい	1
平ら	2
平仮名	4
平凡	2
平和	2
平均	2
平常	1
平方	1
平日	2
平気	2
平等	2
平行	2
平野	2
年	4
年中	2
年代	2
年号	1
年寄り	2
年度	2
年月	2
年生	2
年賀	1
年輪	1
年鑑	1
年長	1
年間	2
年頃	1
年齢	2
幸	2
幸せ	2
幸福	2
幸運	2
幹	1
幹線	1
幹部	1
幼い	2
幼児	2
幼稚	2
幼稚園	2
幽霊	1
幾	2
幾つ	4
幾ら	4
幾分	2
幾多	1
庁	2
広々	2
広い	4
広がる	2
広げる	2
広さ	2
広まる	1
広める	2
広告	2
広場	2
庇う	1
床	2
床の間	2
床屋	3
序	2
底	2
店	24
店員	3
店屋	2
度	24
度々	2
度忘れ	1
座る	4
座布団	2
座席	2
座敷	2
座標	1
座談会	1
庭	4
庶務	1
庶民	1
廃れる	1
廃棄	1
廃止	1
廊下	4
延いては	1
延びる	2
延べ	1
延期	2
延長	2
建つ	2
建て	3
建てる	3
建前	1
建物	4
建築	2
建設	2
弁償	1
弁当	2
弁解	1
弁論	1
弁護	1
弄る	1
式	23
式場	1
弓	1
引き上げる	1
引き下げる	1
引き出し	3
引き出す	2
引き取る	1
引き受ける	2
引き摺る	1
引き止める	2
引き算	2
引き起こす	1
引き返す	2
引く	4
引っ張る	2
引っ掛かる	2
引っ掛ける	2
引っ掻く	1
引っ繰り返す	2
引っ繰り返る	2
引っ越す	3
引っ込む	2
引分	2
引力	2
引用	2
引越し	2
引退	2
弛み	1
弛む	1
弟	4
弟子	2
弱	1
弱い	4
弱まる	1
弱める	1
弱る	1
弱点	2
張り切る	2
張り紙	1
張る	2
強	1
強い	4
強いて	1
強いる	1
強まる	1
強める	1
強制	1
強力	2
強化	2
強引	2
強気	2
強烈	1
強盗	2
強硬	1
強行	1
強調	2
強請る	1
弾	2
弾く	14
弾む	1
弾力	1
当	1
当たり前	2
当て	1
当てる	2
当て嵌まる	2
当て嵌める	2
当り	1
当る	2
当人	2
当字	1
当日	2
当時	2
当然	2
当番	2
当選	1
形	23
形勢	1
形容動詞	2
形容詞	2
形式	2
形態	1
形成	1
彫る	2
彫刻	2
影	2
影響	2
彷徨う	1
役	2
役に立つ	3
役人	2
役割	2
役場	1
役所	2
役目	2
役立つ	2
役者	2
役職	1
彼	3
彼女	3
彼等	3
往復	2
往診	1
征服	1
待ち合わせ	1
待ち合わせる	2
待ち望む	1
待ち遠しい	1
待つ	4
待合室	2
待望	1
待遇	1
後	24
後ろ	4
後半	1
後回し	1
後悔	1
後者	2
後輩	2
後退	1
徐々に	2
徐行	1
徒歩	1
従う	2
従って	2
従事	1
従兄弟	2
従姉妹	2
従来	1
従業員	1
得	2
得る	2
得意	2
得点	1
御	34
御世話になりました	2
御中	2
御主人	3
御元気ですか	2
御先に	2
御免	2
御免なさい	4
御免下さい	4
御八つ	2
御前	2
御参り	2
御土産	3
御大事に	3
御存知	3
御存知ですか	2
御宮	1
御帰り	2
御帰りなさい	3
御座います	1
御座居ます	3
御弁当	4
御待たせしました	3
御待ち下さい	2
御待ち遠様	2
御手洗い	4
御掛け下さい	2
御早う御座います	4
御構いなく	2
御無沙汰	2
御目に掛かる	2
御目出度い	2
御目出度う	2
御目出度う御座居ます	3
御礼	3
御祭り	3
御苦労様	2
御蔭	3
御蔭様で	3
御袋	1
御見舞い	3
御覧	2
御覧なさい	1
御負け	1
御辞儀	2
御遠慮なく	2
御邪魔します	2
御酒	4
御釣	3
御願いします	4
御風呂	4
御飯	4
御馳走	3
御馳走様	4
御馳走様でした	4
復旧	1
復活	1
復習	3
復興	1
循環	2
微か	1
微塵	1
微妙	2
微笑	1
微笑む	2
微量	1
徴収	1
徹する	1
徹夜	2
徹底	2
心	13
心中	1
心地	1
心強い	1
心当たり	2
心得	1
心得る	2
心情	1
心掛け	1
心掛ける	1
心理	2
心細い	1
心臓	2
心身	2
心配	3
心配する	3
必ず	3
必ずしも	2
必修	1
必死	2
必然	1
必要	3
必需品	2
志	1
志す	1
志向	1
志望	1
忘れる	4
忘れ物	3
忙しい	4
応じる	2
応じる応ずる	2
応ずる	2
応募	1
応対	2
応急	1
応接	2
応援	2
応用	2
忠告	1
忠実	1
快い	1
快晴	2
快適	2
念	1
念願	1
忽ち	2
怒り	1
怒る	3
怒鳴る	2
怖い	3
思い付き	1
思い付く	2
思い出	2
思い出す	3
思い切り	2
思い掛けない	2
思い込む	2
思う	3
思わず	2
思想	2
思考	1
怠ける	2
怠る	1
怠慢	1
急	3
急かす	1
急ぐ	3
急に	23
急激	2
急行	3
急速	2
性	2
性別	2
性格	2
性能	2
性質	2
怪しい	2
怪我	3
怪我する	3
怪獣	1
怯える	1
恋	2
恋しい	2
恋する	1
恋人	2
恋愛	1
恐らく	2
恐れ	2
恐れる	2
恐れ入る	1
恐ろしい	2
恐怖	2
恐縮	2
恥	1
恥じる	1
恥ずかしい	3
恥らう	1
恨み	2
恨む	2
恩	2
恩恵	2
息	2
息子	3
息子さん	3
恰好	3
恵まれる	2
恵み	1
恵む	1
悉く	1
悔しい	2
悔やむ	2
悟る	1
悠々	2
患者	2
悩ましい	1
悩ます	1
悩み	1
悩む	2
悪	1
悪い	4
悪しからず	1
悪化	1
悪口	2
悪戯	2
悪者	1
悪魔	2
悲しい	3
悲しむ	2
悲劇	2
悲惨	1
悲観	1
悲鳴	1
情	1
情け	1
情け深い	1
情け無い	1
情勢	1
情報	2
情熱	1
情緒	1
惑星	1
惚ける	1
惜しい	2
惜しむ	1
惨め	2
想像	2
愈々	2
愉快	2
意	1
意向	1
意味	4
意図	1
意地	1
意地悪	2
意外	2
意志	2
意思	2
意思意志	2
意欲	1
意気込む	1
意義	2
意見	3
意識	2
愚か	1
愚痴	1
愛	2
愛する	2
愛情	2
愛想	1
感	2
感じ	2
感じる	2
感じる感ずる	2
感ずる	2
感動	2
感度	1
感心	2
感情	2
感想	2
感染	1
感激	2
感無量	1
感覚	2
感触	1
感謝	2
態々	1
態と	2
態勢	1
態度	2
慌しい	2
慌てる	2
慎重	2
慕う	1
慢性	1
慣らす	1
慣れ	1
慣れる	3
慣例	1
慣用	1
慣習	1
慣行	1
慰める	2
慶び	2
慶ぶ	2
憂鬱	1
憎い	2
憎しみ	1
憎む	2
憎らしい	2
憤慨	1
憧れ	1
憧れる	2
憲法	2
懐かしい	2
懐く	1
懲りる	1
懸命	2
懸賞	1
成り立つ	1
成る	2
成る丈	1
成る可く	3
成る程	3
成人	2
成分	2
成功	2
成年	1
成果	1
成熟	1
成立	2
成績	2
成育	1
成長	2
我	1
我々	2
我が	2
我が儘	2
我慢	2
或いは	2
或る	2
戦	2
戦い	2
戦う	2
戦争	3
戦争する	3
戦力	1
戦災	1
戦術	1
戦闘	1
戯曲	1
戸	4
戸惑い	1
戸棚	2
戸籍	1
戸締り	1
戻す	2
戻る	3
所	24
所々	2
所か	1
所が	2
所で	2
所在	1
所定	1
所属	1
所得	1
所持	1
所有	1
所為	2
所謂	2
扇ぐ	2
扇子	2
扇風機	2
扉	1
手	24
手伝い	2
手伝う	3
手元	3
手入れ	2
手分け	1
手前	3
手品	2
手回し	1
手帳	2
手引き	1
手当て	1
手拭	2
手掛かり	1
手掛ける	1
手数	1
手本	1
手段	2
手法	1
手洗い	2
手筈	1
手紙	4
手続き	2
手芸	1
手術	2
手袋	3
手軽	1
手近	1
手遅れ	1
手配	1
手錠	1
手間	2
手際	1
手頃	1
手順	1
手首	2
才能	2
打ち切る	1
打ち合わせ	2
打ち合わせる	2
打ち明ける	1
打ち消し	1
打ち消す	2
打ち込む	1
打つ	23
打つかる	2
打つける	2
打撃	1
打開	1
払い戻す	2
払い込む	2
払う	3
扱い	1
扱う	2
扶養	1
批判	2
批評	2
承る	2
承知	3
承知する	3
承認	2
承諾	1
技	1
技師	2
技能	1
技術	3
把握	1
抑える	2
抑制	1
抑圧	1
抓る	2
投げる	3
投げ出す	1
投入	1
投書	2
投票	2
投資	1
抗争	1
抗議	1
折	2
折り返す	1
折る	3
折れる	3
折衷	1
折角	2
抜かす	1
抜く	2
抜ける	2
抜け出す	1
披露	1
抱える	2
抱く	2
抱っこ	1
抵抗	2
押さえる	2
押し切る	1
押し寄せる	1
押し込む	1
押す	4
押入れ	3
抽象	2
抽選	1
担う	1
担ぐ	2
担当	2
担架	1
拍手	2
拒否	1
拒絶	1
拗れる	1
拘る	1
拘束	1
招き	1
招く	2
招待	3
招待する	3
拝む	2
拝借	1
拝啓	1
拝見	23
拝見する	3
拠ると	3
拡充	2
拡大	2
拡張	2
拡散	1
括弧	2
拭く	2
拵える	2
拾う	3
持ち	2
持ち上げる	2
持ち切り	1
持つ	4
持てる	1
持て成す	1
持参	2
持続	1
指	23
指令	1
指図	1
指定	2
指導	2
指差す	1
指揮	1
指摘	1
指示	2
指輪	3
挑む	1
挑戦	1
挙げる	4
挟まる	2
挟む	2
挨拶	3
挨拶する	3
振り	12
振り仮名	2
振り出し	1
振り向く	2
振り返る	1
振る	2
振動	1
振興	1
振舞う	2
挿	2
捕まえる	23
捕らえる	2
捕る	2
捕獲	1
捕虜	1
捕鯨	1
捗る	1
捜す	3
捜査	1
捜索	1
捧げる	1
捨てる	3
捩じる	2
捩れる	1
据える	1
据付ける	1
捲る	1
捻る	2
掃く	2
掃除	4
掃除する	4
授ける	1
授業	4
掌	1
掏摸	3
排水	1
排除	1
掘る	2
掛かる	4
掛け	1
掛ける	34
掛算	2
掠る	1
採る	2
採択	1
採掘	1
採決	1
採点	2
採用	1
採算	1
採集	1
探す	3
探る	2
探検	1
接ぐ	1
接する	2
接続	2
接続詞	1
接触	1
接近	2
控える	1
控室	1
控除	1
推定	2
推測	1
推理	1
推薦	2
推進	1
措置	1
掬う	1
掲げる	1
掲示	2
掲載	1
掴む	2
掻き回す	1
掻く	12
掻く恥を	1
掻く汗を	2
揃い	1
揃う	2
揃える	2
揉む	2
揉める	1
描く	24
描写	1
提供	1
提出	2
提携	1
提案	2
提示	1
揚げる	2
換える	2
換気	2
換算	1
握る	2
握手	2
援助	2
揶揄う	2
揺さぶる	1
揺らぐ	1
揺れる	3
損	2
損なう	1
損失	1
損害	2
損得	2
携わる	1
携帯	1
摘む	1
摩擦	2
撃つ	2
撒く	2
撫でる	2
撮る	4
撮影	2
操る	1
操作	2
操縦	1
擦る	12
擦れる	1
擦れ違い	1
擦れ違う	2
擽ったい	1
攫う	1
支える	2
支出	2
支店	2
支度	3
支度する	3
支払	2
支払う	2
支持	1
支給	2
支配	2
改まる	1
改めて	2
改める	2
改修	1
改善	2
改定	1
改悪	1
改札	2
改正	2
改良	1
改訂	1
改造	2
改革	1
攻め	1
攻める	2
攻撃	2
放す	2
放り出す	1
放り込む	1
放る	2
放れる	2
放出	1
放射	1
放射能	1
放棄	1
放置	1
放送	3
政党	2
政府	2
政権	1
政治	3
政策	1
故	1
故に	1
故人	1
故郷	2
故障	3
故障する	3
敏感	1
救い	1
救う	2
救助	2
救援	1
救済	1
敗	1
敗れる	2
敗北	1
敗戦	1
教	2
教え	1
教える	4
教わる	2
教会	3
教員	2
教室	4
教師	2
教授	2
教材	1
教科	1
教科書	2
教習	1
教職	1
教育	3
教訓	1
教養	2
敢えて	1
散らかす	2
散らかる	2
散らす	2
散る	2
散撒く	1
散歩	4
散歩する	4
敬う	2
敬具	1
敬意	2
敬語	2
数	2
数える	2
数字	2
数学	3
数詞	1
整う	2
整える	1
整備	2
整列	1
整数	2
整然	1
整理	2
敵	2
敵わない	1
敷く	2
敷地	2
文	2
文体	2
文化	3
文化財	1
文句	2
文字	2
文学	3
文房具	2
文明	2
文書	1
文法	3
文献	2
文章	4
文脈	2
文芸	2
文語	1
斑	1
料	2
料理	4
料金	2
斜	2
斜め	2
斜面	1
斡旋	1
斬る	4
断える	1
断つ	1
断る	2
断定	2
断水	2
断然	1
断言	1
断面	1
新	2
新しい	4
新た	2
新人	1
新入生	1
新婚	1
新幹線	2
新築	1
新聞	4
新聞社	3
新興	1
新鮮	2
方	234
方々	2
方向	2
方式	1
方法	2
方程式	2
方策	1
方角	2
方言	2
方針	2
方面	2
於いて	2
施す	1
施行	1
施設	1
旅	2
旅券	1
旅客	1
旅行	4
旅行する	4
旅館	3
旗	2
既に	2
既婚	1
日	234
日の丸	1
日の入り	2
日の出	2
日中	2
日付	2
日光	2
日取り	1
日向	1
日夜	1
日帰り	2
日常	2
日当たり	2
日日	2
日時	2
日曜	2
日曜日	4
日本	2
日焼け	1
日用品	2
日程	2
日記	3
日課	2
日陰	1
日頃	1
旦那	1
旧	2
旧知	1
旨い	3
早い	4
早める	1
早口	2
早急	1
早速	2
昆虫	1
昇進	1
明	2
明々後日	2
明かす	1
明かり	2
明き	2
明くる	2
明ける	2
明け方	2
明らか	2
明るい	4
明後日	24
明日	34
明朗	1
明白	1
明瞭	1
明確	2
易い	3
易しい	4
昔	3
星	3
星座	1
映える	1
映す	2
映る	3
映像	1
映写	1
映画	4
映画館	4
春	4
昨	2
昨夜［の意］	4
昨日	4
是	4
是正	1
是非	2
是非とも	2
昼	4
昼休み	3
昼寝	2
昼御飯	4
昼間	3
昼食	2
昼飯	1
時	24
時々	4
時代	3
時刻	2
時刻表	1
時差	1
時折	1
時期	2
時計	4
時速	2
時間	4
時間割	2
時間目	2
晩	4
晩年	1
晩御飯	4
普及	2
普段	2
普通	3
普遍	1
景気	2
景色	3
晴れ	4
晴れる	4
晴天	1
暇	4
暈ける	1
暈やける	1
暑い	4
暖か	2
暖かい	4
暖まる	2
暖める	2
暖房	3
暗い	4
暗殺	1
暗示	1
暗算	1
暗記	2
暦	1
暫く	3
暮らし	2
暮らす	2
暮れ	2
暮れる	3
暴れる	2
暴力	1
暴動	1
暴露	1
暴風	1
曇	4
曇る	4
曖昧	2
曜日	2
曲	2
曲がる	34
曲げる	2
曲線	2
更ける	2
更に	2
書	1
書き取り	2
書き取る	1
書く	4
書店	2
書斎	2
書物	2
書留	2
書籍	2
書評	1
書道	2
書類	2
替える	2
最	2
最も	2
最中	12
最低	2
最初	3
最善	1
最後	3
最早	1
最終	2
最近	3
最高	2
月	234
月並	1
月日	2
月曜	2
月曜日	4
月末	2
月給	2
月謝	1
月賦	1
有する	1
有りの儘	1
有る[所有]	4
有利	2
有力	1
有効	2
有名	4
有料	2
有望	1
有様	1
有機	1
有無	2
有益	1
有能	2
有触れる	1
有難い	2
有難う御座居ました	4
有難う御座居ます	4
有難う御座居ます有難う御座居ました	4
服	4
服装	2
朗らか	2
朗読	1
望ましい	1
望み	2
望む	2
望遠鏡	2
朝	4
朝刊	2
朝御飯	4
期	2
期待	2
期日	1
期末	1
期間	2
期限	2
木	24
木曜	2
木曜日	4
木材	2
木綿	3
未	2
未だ	14
未婚	1
未定	1
未来	2
未満	2
未熟	1
未知	1
未練	1
未開	1
末	12
末っ子	2
末期	1
本	24
本の	2
本人	2
本体	1
本名	1
本国	1
本場	1
本当	4
本当に	4
本文	1
本来	2
本格	1
本棚	4
本気	1
本物	2
本能	1
本質	1
本部	2
本音	1
本館	1
札	12
机	4
朽ちる	1
杉	2
材料	2
材木	2
村	4
杖	1
束	2
束ねる	1
束の間	1
束縛	1
条	1
条件	2
条約	1
来	2
来る	14
来場	1
来年	4
来日	2
来月	4
来週	4
杯	14
東	4
東洋	2
東西	2
松	2
板	2
枕	2
林	3
林業	1
枚	4
枚数	2
果	1
果たして	2
果たす	1
果てる	1
果実	2
果物	4
枝	3
枠	1
枯れる	2
架空	2
柄	12
染まる	1
染みる	1
染める	1
柔らかい	3
柔軟	1
柔道	3
柱	2
柵	1
栄える	1
栄養	2
栓	2
校	2
校庭	2
校舎	2
校長	3
株	2
株式	1
核	1
根	2
根回し	1
根底	1
根拠	1
根本	1
根気	1
格	1
格別	1
格好	3
格差	1
栽培	1
桁	2
案	2
案じる	1
案の定	1
案内	3
案内する	3
案外	2
桜	2
桟橋	1
梅	2
梅干	1
梅雨	2
梢	1
梯子	2
棄てる	2
棄権	1
棒	2
棘	1
棚	3
棟	1
森	3
森林	2
椀	2
椅子	4
植える	3
植わる	1
植木	2
植民地	1
植物	2
検事	1
検査	2
検討	2
楕円	2
業	2
業務	1
業績	1
業者	1
極	2
極めて	1
極楽	1
極端	1
楽	2
楽しい	4
楽しみ	3
楽しむ	3
楽器	2
楽観	1
楽譜	1
概念	1
概略	1
概要	1
概説	1
概論	2
構いません	2
構う	3
構え	1
構える	1
構想	1
構成	2
構造	2
様	13
様々	2
様子	2
様式	1
様相	1
標本	2
標準	2
標語	1
標識	2
模倣	1
模型	1
模様	2
模範	1
模索	1
権	2
権利	2
権力	1
権威	1
権限	1
横	4
横切る	2
横断	2
横断歩道	2
横綱	1
樹木	1
樹立	1
橇	1
橋	14
橋渡し	1
機	2
機会	3
機嫌	2
機械	3
機構	1
機能	2
機関	2
機関車	2
檻	2
櫛	2
欄	2
欠く	1
欠ける	2
欠乏	1
欠伸	2
欠如	1
欠席	2
欠点	2
欠陥	2
次	14
次々	2
次々に	2
次々次々に	2
次ぐ	2
次第	2
次第に	2
欧米	2
欲	1
欲しい	4
欲張り	2
欲望	1
欲深い	1
欺く	1
歌	24
歌う	4
歌手	2
歌留多	2
歌謡	2
歓声	1
歓迎	2
止す	2
止まる	4
止む	3
止める	123
正	2
正しい	3
正しく	1
正に	2
正体	1
正午	2
正味	2
正常	1
正式	2
正当	1
正方形	2
正月	3
正直	2
正確	2
正義	1
正規	1
正解	1
正門	2
正面	2
此の	4
此の間	3
此の頃	3
此れ	4
此れから	3
此れ等	2
此処	4
武力	1
武器	2
武士	2
武装	1
歩	2
歩く	4
歩み	1
歩む	1
歩道	2
歪む	1
歯	4
歯医者	3
歯磨き	2
歯科	1
歯車	2
歳	4
歴史	3
死	1
死ぬ	4
死亡	2
死体	2
死刑	1
殆ど	3
殊に	1
残す	2
残らず	2
残り	2
残る	3
残念	3
残酷	1
残金	1
残高	1
殖やす	2
殴る	2
段	2
段々	4
段階	2
殺す	2
殺人	1
殻	2
殿	2
殿様	1
母	4
母国	1
母校	1
母親	2
毎	2
毎年	4
毎度	2
毎日	4
毎晩	4
毎月	4
毎朝	4
毎週	4
毒	2
比べる	3
比例	1
比率	1
比較	2
比較的	2
比重	1
毛	3
毛布	2
毛皮	2
毛糸	2
毟る	1
氏	2
氏名	2
民主	2
民俗	1
民宿	1
民族	1
民謡	2
民間	2
気	3
気に入る	2
気の毒	2
気を付ける	2
気付く	2
気体	2
気候	2
気兼ね	1
気分	3
気味	2
気品	1
気圧	2
気持ち	3
気楽	2
気流	1
気温	2
気紛れ	1
気触れる	1
気象	1
気質	1
気軽	1
気配	2
気障	1
気風	1
水	24
水分	2
水平	2
水平線	2
水曜	2
水曜日	4
水気	1
水泳	3
水洗	1
水源	1
水準	2
水滴	2
水産	2
水田	1
水着	2
水筒	2
水素	2
水蒸気	2
水道	3
水面	2
氷	2
永い	4
永久	2
永遠	2
氾濫	1
汁	2
求める	2
求婚	2
汗	2
汚い	4
汚す	2
汚らわしい	1
汚れ	1
汚れる	3
汚染	2
池	4
汲む	2
汲む酌む	2
決	1
決して	3
決まり	2
決まり悪い	1
決まる	3
決める	3
決勝	1
決定	2
決心	2
決意	1
決断	1
決算	1
決行	1
決議	1
汽船	1
汽車	3
沈む	2
沈める	1
沈没	1
沈澱	1
沈黙	1
沖	2
没収	1
没落	1
沢山	4
河	4
河川	1
沸かす	3
沸く	3
沸騰	1
油	12
油断	2
油絵	1
治す	2
治まる	1
治める	2
治る	3
治安	1
治療	1
沼	1
沿い	2
沿う	2
沿岸	1
沿線	1
況して	1
泉	2
泊	2
泊まる	3
泊める	2
法	2
法則	2
法学	1
法廷	1
法律	3
法案	1
泡	2
波	2
泣く	3
泥	2
泥棒	3
注	2
注ぐ	2
注射	3
注射する	3
注意	3
注意する	3
注文	2
注目	2
泳ぎ	2
泳ぐ	4
洋	1
洋品店	2
洋服	4
洋風	1
洒落	2
洒落る	1
洗う	4
洗剤	2
洗濯	4
洗濯する	4
洗面	2
津波	1
洪水	1
活ける	1
活力	2
活動	2
活字	2
活気	2
活用	2
活発	1
活躍	2
派	1
派手	2
派遣	1
流	2
流し	1
流す	2
流れ	2
流れる	2
流域	2
流石	2
流行	2
流行る	2
流通	1
浅い	3
浅ましい	1
浜	1
浜辺	1
浪費	1
浮かぶ	2
浮かべる	2
浮く	2
浮力	1
浮気	1
浴びる	4
浴室	1
浴衣	2
海	24
海外	2
海岸	3
海峡	1
海抜	1
海水浴	2
海洋	2
海流	1
海路	1
海運	1
浸ける	2
浸す	1
消える	4
消す	4
消化	2
消去	1
消息	1
消極的	2
消毒	2
消耗	2
消費	2
消防	2
消防署	2
涙	2
液	1
液体	2
涸れる	1
涼しい	4
涼む	2
淑やか	1
淡水	2
深い	3
深まる	2
深める	1
深刻	2
深夜	2
混ざる	2
混じる	2
混ぜる	2
混む	2
混乱	2
混合	2
混同	1
混血	1
混雑	2
添う	2
添える	1
清々しい	1
清い	2
清ます	1
清む	2
清らか	1
清掃	2
清書	2
清潔	2
清濁	1
清純	1
渇く	2
済ます	1
済ませる	2
済まない	2
済み	2
済みません	4
済む	3
渋い	1
渋とい	1
渋滞	2
渚	1
減らす	2
減る	2
減少	1
減点	1
渡す	4
渡り鳥	1
渡る	4
渦	1
温い	4
温か	2
温かい	4
温まる	2
温める	2
温和	1
温室	2
温帯	2
温度	2
温暖	2
温泉	2
測る	2
測定	2
測量	2
港	23
湖	2
湧く	2
湯	3
湯気	2
湯飲み	2
湾	2
湿る	2
湿度	2
湿気	2
湿気る	1
満たす	1
満ちる	2
満員	2
満場	1
満月	1
満点	2
満足	2
源	1
準じる	1
準ずる	1
準備	3
準備する	3
準急	1
溜まる	2
溜める	2
溜り	1
溜息	2
溝	1
溢す	2
溢れる	2
溶かす	2
溶く	2
溶ける	2
溶岩	2
溶液	1
溶込む	2
溺れる	2
滅びる	1
滅ぶ	1
滅ぼす	1
滅亡	1
滅多に	2
滅茶苦茶	2
滑らか	1
滑る	3
滑れ	1
滑れる	2
滑稽	1
滝	2
滞る	1
滞在	2
滞納	1
滲みる	1
滲む	1
漁師	2
漁村	1
漁業	2
漁船	1
漂う	1
漏らす	1
漏る	1
漏れる	1
演じる	1
演じるずる	1
演出	1
演劇	2
演奏	2
演技	2
演習	2
演説	2
漕ぐ	2
漠然	1
漢和	2
漢字	4
漢語	1
漫画	3
漬ける	3
漸く	2
潜る	12
潜入	1
潜水	1
潤う	1
潮	1
潰す	2
潰れる	2
澄ます	1
澄む	2
激しい	2
激励	1
激増	2
濁る	2
濃い	2
濃やか	1
濃度	2
濠	2
濡らす	2
濡れる	3
濫用	1
濯ぐ	1
濾す	1
瀬戸物	2
灌漑	1
火	3
火事	3
火傷	2
火口	2
火山	2
火星	1
火曜	2
火曜日	4
火災	2
火燵	1
火花	1
灯	3
灯り	2
灯台	2
灯油	2
灰	2
灰皿	4
灰色	2
災害	1
災難	2
炊く	2
炊事	2
炎	2
炒める	1
炒る	2
炙る	2
炭素	1
炭鉱	2
点	3
点々	2
点く	23
点ける	4
点数	2
点検	1
点火	1
点線	1
為	3
為さる	3
為す	2
為る	4
為替	2
焙る	2
焚き火	1
無	2
無い	4
無くす	4
無くなる	3
無し	2
無事	2
無効	1
無口	1
無地	2
無念	1
無意味	1
無数	2
無料	2
無断	1
無沙汰	2
無理	3
無用	1
無知	1
無礼	1
無線	1
無能	1
無茶	1
無茶苦茶	1
無視	2
無言	1
無論	1
無邪気	1
無闇	1
無限	2
無難	1
無駄	2
無駄遣い	1
焦がす	2
焦げる	2
焦げ茶	1
焦る	1
焦点	2
然し	4
然し乍ら	1
然も	12
然程	1
焼く	3
焼ける	3
煉瓦	2
煌々と	1
煌びやか	1
煎る	2
煙	2
煙い	2
煙たい	1
煙る	1
煙突	2
煙草	4
照らす	2
照り返す	1
照る	2
照合	1
照明	1
煩い	4
煩わしい	1
煮える	2
煮る	2
煽てる	1
熟々	1
熟語	2
熱	3
熱い	4
熱する	2
熱中	2
熱帯	2
熱心	3
熱意	1
熱湯	1
熱量	1
燃える	2
燃やす	2
燃料	1
燃焼	1
爆弾	1
爆発	2
爆破	1
爪	3
父	4
父母	2
父親	2
爽やか	2
片	1
片付く	2
片付け	1
片付ける	3
片仮名	4
片寄る	2
片思い	1
片言	1
片道	2
版	1
版画	1
牛	2
牛乳	4
牛肉	4
牧場	2
牧師	1
牧畜	2
物	124
物事	2
物体	1
物価	2
物凄い	2
物好き	1
物差し	2
物理	2
物置	2
物語	2
物語る	2
物議	1
物資	1
物質	2
物足りない	1
物音	2
物騒	2
特に	3
特別	3
特売	2
特定	2
特徴	2
特急	3
特技	1
特有	1
特権	1
特殊	2
特派	1
特産	1
特色	2
特許	1
特長	2
特集	1
犠牲	1
犬	4
犯す	2
犯人	2
犯罪	2
状	2
状態	2
状況	2
狂う	2
狙い	2
狙う	2
狡い	2
狩り	1
独り	2
独りでに	2
独り言	2
独創	1
独占	1
独特	2
独立	2
独自	1
独裁	1
独身	2
狭い	4
猛烈	1
猫	4
献立	2
猿	2
獣	1
獲得	1
獲物	1
玄人	1
玄関	4
率	2
率いる	1
率直	2
玉	2
王	2
王女	2
王子	2
王様	2
玩具	13
珍しい	3
班	1
現	2
現す	2
現に	2
現れ	2
現れる	2
現代	2
現像	1
現在	2
現地	1
現場	2
現実	2
現状	2
現行	1
現象	2
現金	2
球	2
球根	1
理屈	1
理性	1
理想	2
理由	3
理科	2
理解	2
理論	1
琴	2
環境	2
瓦	2
瓶	2
瓶詰め	2
甘い	4
甘える	1
甘やかす	2
甘口	1
甚だ	1
甚だしい	2
生	2
生える	2
生かす	1
生きる	3
生き生き	2
生ける	1
生ける活ける	1
生じる	2
生じる生ずる	2
生ずる	2
生まれ	2
生まれつき	1
生まれる	4
生やす	1
生る	2
生命	2
生地	2
生存	2
生年月日	2
生徒	4
生意気	2
生憎	2
生死	1
生活	3
生活する	3
生涯	1
生温い	1
生物	2
生理	1
生産	3
生産する	3
生甲斐	1
生真面目	1
生育	1
生臭い	1
生花	2
生計	1
生身	1
生長	2
産	2
産む	1
産休	1
産出	1
産地	2
産婦人科	1
産後	1
産業	3
産物	1
甥	2
用	3
用いる	2
用事	3
用件	1
用品	1
用心	2
用意	3
用意する	3
用法	1
用紙	2
用語	2
用途	2
田	2
田圃	2
田園	1
田植え	2
田舎	3
由って	1
甲	1
申し上げる	3
申し入れる	1
申し出	1
申し出る	1
申し分	1
申し訳	2
申し訳ない	2
申し込み	1
申し込む	2
申す	3
申告	1
申請	2
男	4
男の人	2
男の子	4
男子	2
男性	3
町	34
画	1
画家	2
画期	1
界	2
畏まりました	3
畑	2
畔	1
留まる	2
留める	2
留学	2
留学生	4
留守	3
留守番	2
畜生	1
畜産	1
略	2
略す	2
略する	2
略す略する	2
略奪	1
略語	1
番	24
番号	4
番地	2
番目	2
番組	3
異	1
異なる	2
異動	1
異常	2
異性	1
異見	1
異論	1
異議	1
畳	23
畳む	2
疎か	1
疑う	2
疑問	2
疑惑	1
疲れ	2
疲れる	4
疲労	1
疾っくに	2
病	2
病む	1
病気	4
病院	4
症	1
症状	2
痒い	2
痕	2
痛い	4
痛み	2
痛む	2
痛切	1
痛感	1
痣	1
痩せる	3
痺れる	2
癌	1
癖	2
発	2
発つ	2
発作	1
発売	2
発射	2
発展	2
発想	2
発掘	2
発揮	2
発明	2
発条	2
発生	1
発病	1
発育	1
発芽	1
発行	2
発表	2
発見	2
発言	1
発足	1
発車	2
発達	2
発電	2
発音	3
登る	4
登場	2
登山	2
登校	1
登録	1
白	4
白い	4
白状	1
白髪	2
百	4
百科事典	2
百科辞典	2
的	12
的確	2
皆	34
皆さん	4
皇居	1
皮	2
皮肉	2
皮膚	2
皹	1
皺	2
皿	2
盆	2
盆地	2
益々	2
盗み	1
盗む	3
盗難	2
盛り	2
盛り上がる	1
盛る	2
盛ん	3
盛大	1
盛装	1
監督	2
監視	2
目	34
目上	2
目下	12
目付き	1
目出度い	2
目印	2
目安	2
目指す	2
目方	1
目標	2
目次	2
目的	2
目盛り	1
目立つ	2
目覚まし	2
目覚ましい	1
目覚める	1
目論見	1
目途	1
目録	1
盲点	1
直	2
直ぐ	4
直ぐに	34
直す	23
直ちに	2
直に	2
直る	3
直前	1
直径	1
直後	2
直感	1
直接	2
直流	2
直線	2
直角	2
直通	2
直面	1
相	1
相互	2
相場	1
相変わらず	2
相対	1
相当	2
相応	1
相応しい	1
相手	2
相撲	2
相次ぐ	1
相続	2
相談	3
相談する	3
相違	2
盾	1
省	2
省く	2
省みる	1
省略	2
眉	1
看板	2
看病	2
看護	1
看護婦	3
県	3
県庁	2
真っ二つ	1
真っ直ぐ	4
真っ直ぐに	4
真っ直ぐ真っ直ぐに	4
真っ赤	2
真ん中	3
真ん円い	1
真上	1
真下	1
真丸い	1
真似	2
真似る	2
真先	2
真前	1
真剣	2
真実	1
真心	1
真暗	2
真珠	1
真理	1
真白	2
真白い	2
真相	1
真空	2
真青	2
真面目	3
真黒	2
眠い	3
眠たい	3
眠る	3
眩しい	2
眩暈	2
眺め	2
眺める	2
眼球	1
眼科	1
眼鏡	4
着	2
着々	2
着く	24
着ける	2
着せる	2
着る	4
着工	1
着席	1
着手	1
着替え	2
着物	3
着目	1
着色	1
着陸	1
着飾る	1
睡眠	2
睨む	2
瞑る『目を』	1
瞬き	1
瞬間	2
瞳	2
瞼	2
矛盾	2
矢	1
矢印	2
矢張り	3
矢鱈と	1
矢鱈に	1
矢鱈に矢鱈と	1
知らせ	2
知らせる	3
知り合い	2
知る	4
知事	2
知人	2
知性	1
知恵	2
知的	1
知能	2
知識	2
短	2
短い	4
短大	1
短所	2
短期	2
短歌	1
短気	1
短波	1
短編	2
短縮	1
石	3
石油	2
石炭	2
石鹸	4
砂	3
砂利	1
砂漠	2
砂糖	4
研ぐ	1
研修	2
研究	3
研究する	3
研究室	3
砕く	2
砕ける	2
破く	2
破る	2
破れる	2
破壊	1
破損	1
破棄	1
破片	2
破産	2
破裂	1
硬い	3
硬貨	2
碁	2
碁盤	1
碌な	1
碌な碌に	1
碌に	1
碑	1
碗	2
確か	23
確かめる	2
確保	1
確信	1
確定	1
確実	2
確率	2
確立	1
確認	2
磁器	1
磁気	1
磁石	2
磨く	4
示す	2
礼	2
礼儀	2
社	2
社交	1
社会	3
社会科学	2
社宅	1
社説	2
社長	3
祀る	2
祈り	1
祈る	3
祖先	2
祖母	3
祖父	3
祝	2
祝う	2
祝日	2
祝賀	1
神	2
神様	2
神殿	1
神社	3
神秘	1
神経	2
神聖	1
神話	2
票	1
祭	2
祭る	2
祭日	2
禁じる	1
禁じる禁ずる	1
禁ずる	1
禁止	2
禁煙	2
禁物	1
禅	1
福	1
福祉	1
私	4
私有	1
私物	1
私用	1
私立	2
私鉄	2
秋	4
科学	3
科目	2
秒	2
秘密	2
秘書	1
秤	2
秩序	1
称する	1
移す	2
移る	3
移住	1
移動	2
移民	1
移行	1
移転	2
稀	2
程	2
程度	2
稍	2
税	2
税務署	1
税金	2
税関	2
種	12
種々	1
種類	2
稲	2
稲光	1
稼ぐ	2
稽古	2
穀物	2
穂	1
積む	2
積もり	3
積もる	3
積極的	2
穏やか	2
穴	2
究極	1
空	24
空き	2
空く	3
空しい	1
空っぽ	2
空ろ	1
空中	2
空想	2
空気	3
空港	3
空腹	1
空間	1
穿く	4
突き当たり	2
突き当たる	2
突く	2
突っ張る	1
突っ込む	2
突付く	1
突如	1
突然	2
突破	1
窒息	1
窓	4
窓口	2
窮乏	1
窮屈	1
立つ	4
立てる	3
立上る	2
立体	1
立去る	1
立場	2
立寄る	1
立方	1
立替える	1
立止まる	2
立法	1
立派	4
章	2
童話	2
童謡	2
端	2
競う	1
競争	3
競争する	3
競技	2
競馬	2
竹	2
竿	1
笑い	2
笑う	3
笑顔	2
笛	2
符号	2
第	2
第一	1
筆	2
筆者	2
筆記	2
筈	3
等	24
等しい	2
等分	2
等級	1
筋	2
筋肉	2
筒	1
答え	3
答える	4
答案	2
策	1
箇所	2
箇月	4
箇条書き	1
箒	2
算数	2
算盤	2
管	12
管理	2
箪笥	2
箱	4
箸	4
節	12
節約	2
範囲	2
築く	1
簡単	3
簡易	1
簡潔	1
簡素	1
籠	2
籠もる	1
籤	1
籤引き	1
米	3
粉	2
粉々	1
粉末	1
粋	1
粒	2
粗末	2
粗筋	2
粘り	1
粘る	1
粥	1
精々	2
精密	1
精巧	1
精神	2
精算	1
糊	2
糸	3
系	1
系統	2
約	2
約束	3
約束する	3
紅茶	4
紅葉	2
納まる	1
納める	2
納入	1
納得	2
紐	2
純情	2
純粋	2
紙	24
紙屑	2
紙幣	2
級	2
紛らわしい	1
紛れる	1
紛争	1
紛失	1
素っ気無い	1
素人	2
素敵	2
素早い	1
素晴らしい	3
素朴	1
素材	1
素直	2
素質	2
紡績	1
索引	2
紫	2
細い	4
細かい	3
細やか	1
細工	1
細胞	1
細菌	1
紳士	1
紹介	3
紹介する	3
紺	2
終える	2
終わり	3
終わる	34
終了	2
終始	1
終日	1
終点	2
組	2
組み合わせ	2
組み合わせる	1
組み立てる	2
組み込む	1
組む	2
組合	2
組織	2
経つ	2
経る	1
経営	2
経度	2
経歴	1
経済	3
経由	2
経緯	1
経費	1
経路	1
経過	1
経験	3
経験する	3
結	1
結び付き	1
結び付く	1
結び付ける	1
結ぶ	2
結合	1
結婚	4
結婚する	4
結局	2
結成	1
結晶	1
結束	1
結果	2
結核	1
結構	4
結論	2
絞る	2
絡む	1
給う	1
給与	2
給仕	1
給料	2
給食	1
絨毯	2
統一	2
統制	1
統合	1
統治	1
統率	1
統計	2
絵	4
絵具	2
絵画	2
絶えず	2
絶える	1
絶対	2
絶対に	2
絶望	1
絶滅	2
絶版	1
絹	3
継ぎ目	1
継ぐ	1
継続	2
続々	2
続き	2
続く	3
続ける	3
維持	2
綱	2
網	1
綴じる	1
綺麗	4
綻びる	1
綿	2
緊張	2
緊急	1
総	2
総会	1
総合	1
総理大臣	2
緑	4
線	3
線路	2
締める	4
締切	2
締切る	2
編	2
編む	2
編物	2
編集	2
緩い	2
緩む	1
緩める	1
緩やか	1
緩和	1
緯度	2
練る	1
練習	4
練習する	4
縁	12
縁側	1
縁談	1
縄	2
縛る	2
縞	2
縦	4
縫う	2
縮まる	1
縮む	2
縮める	2
縮れる	2
縮小	2
繁栄	1
繁殖	1
繁盛	1
繊維	1
繋がり	2
繋がる	2
繋ぐ	2
繋げる	2
織る	1
織物	1
繕う	1
繰り返す	2
纏め	1
纏める	2
纏り	1
纏る	2
缶	2
缶詰	2
罪	2
置き	3
置く	4
罰	1
罰する	2
署名	2
罵る	1
罹る	2
羊毛	2
美	1
美しい	3
美人	2
美味い	3
美味しい	4
美容	2
美術	1
美術館	3
群	12
群がる	1
群衆	1
群集	1
羨ましい	2
羨む	2
義務	2
義理	1
羽	2
羽根	2
翌	2
翌日	1
習う	4
習字	2
習慣	3
翻訳	2
翼	1
老いる	1
老ける	1
老人	2
老衰	1
考え	2
考える	3
考古学	1
考慮	2
者	2
耐える	1
耕す	2
耕作	1
耕地	2
耳	4
耳鼻科	1
耽る	1
聖書	1
聞き取り	1
聞く	4
聞こえる	3
聳える	1
聴覚	1
聴診器	1
聴講	1
職	2
職人	2
職務	1
職員	1
職場	2
職業	2
肉	4
肉体	1
肉親	1
肌	2
肌着	2
肘	2
肝心	1
肝腎	1
股	12
肥料	1
肩	2
肯定	2
育ち	1
育つ	2
育てる	3
育児	2
育成	1
肺	1
胃	2
背	24
背く	1
背中	3
背広	4
背後	1
背景	1
背負う	2
胡椒	2
胴	2
胸	2
能	2
能力	2
能率	2
脂	2
脂肪	1
脅かす	2
脅す	1
脅迫	1
脆い	1
脇	2
脈	1
脚本	1
脚色	1
脱ぐ	4
脱する	2
脱出	1
脱線	2
脱退	1
脳	1
腐る	2
腐敗	1
腕	3
腕前	1
腫れる	1
腰	2
腰掛	2
腸	1
腹	2
腹立つ	1
腿	2
膜	1
膝	2
膨らます	2
膨らむ	2
膨れる	1
膨大	2
膨張	1
膳	1
臆病	1
臨む	1
臨時	2
自ずから	1
自ら	2
自主	1
自信	2
自分	4
自動	2
自動詞	1
自動車	4
自在	1
自宅	2
自尊心	1
自己	1
自惚れ	1
自慢	2
自我	1
自棄に	1
自殺	2
自治	2
自然	2
自然に	2
自然科学	2
自由	3
自立	1
自習	2
自衛	2
自覚	1
自身	2
自転	1
自転車	4
自首	1
臭い	2
至って	1
至る	2
至急	2
致す	3
興じる	1
興じる興ずる	1
興ずる	1
興味	3
興奮	1
興業	1
舌	2
舗装	1
舞う	1
舞台	2
舟	3
航海	1
航空	2
船	23
船便	2
船舶	1
艘	2
良い	14
良く	4
良し	1
良好	1
良心	1
良識	1
良質	1
色	24
色々	4
色彩	1
艶	2
芝	1
芝居	2
芝生	2
芥	3
芯	2
花	4
花壇	1
花嫁	2
花弁	1
花火	2
花瓶	4
花粉	1
花見	3
芸	1
芸能	2
芸術	2
芽	2
苗	1
苛める	3
若々しい	2
若い	4
若し	3
若しかしたら	2
若しかして	1
若しかすると	2
若しくは	1
若しも	2
若干	1
若者	1
苦	1
苦い	3
苦しい	2
苦しむ	2
苦しめる	2
苦労	2
苦心	2
苦情	2
苦手	2
苦痛	2
英和	2
英字	1
英文	2
英語	4
英雄	1
茂る	2
茎	1
茫然	1
茶	2
茶の湯	1
茶の間	1
茶碗	4
茶色	4
茶色い	2
茹でる	2
草	3
草履	2
草臥れる	2
荒い	2
荒っぽい	1
荒らす	1
荒れる	2
荒廃	1
荷	1
荷物	4
荷造	1
莫大	2
菌	1
菓子	2
華々しい	1
華やか	1
華奢	1
萎びる	1
萎む	2
落し物	2
落ちる	3
落ち着き	1
落ち着く	2
落ち葉	1
落ち込む	1
落とす	3
落下	1
落第	2
葉	3
葉書	4
著	1
著しい	1
著す	2
著名	1
著書	1
著者	2
葡萄	3
葬る	1
葬式	2
蒔く	2
蒸す	2
蒸暑	2
蒸気	2
蒸留	1
蒸発	2
蓄える	2
蓄積	1
蓋	2
蔵	1
蔵相	1
蕎麦	2
蕩ける	1
蕾	1
薄い	4
薄める	2
薄弱	1
薄暗い	2
薬	14
薬品	2
薬局	2
薬指	2
薬缶	2
藁	1
蘇る	1
虎	2
虚しい	1
虫	3
虫歯	2
虹	2
蚊	2
蛇口	2
蛋白質	1
蛍光灯	2
蜂蜜	1
蜜	2
蝋燭	2
蝶	1
融資	1
融通	1
螺子	2
螺旋回し	1
血	3
血圧	2
血液	2
血管	1
衆	1
衆議院	1
行	2
行き成り	2
行き違い	1
行く	4
行ってらっしゃい	3
行って参ります	3
行ない	1
行なう	3
行事	2
行儀	2
行列	2
行動	2
行政	1
行方	2
行為	1
行進	1
街	12
街角	2
街道	1
街頭	1
衛星	1
衛生	2
衝撃	1
衝突	2
衣料	1
衣服	2
衣装	1
衣類	1
衣食住	2
表	23
表わす	2
表情	2
表現	2
表紙	2
表面	2
衰える	1
袋	2
袖	2
被	1
被せる	2
被る	4
被害	2
裁く	1
裁判	2
裁縫	2
裂く	2
裂ける	1
装備	1
装置	2
装飾	1
裏	3
裏切る	2
裏口	2
裏返し	1
裏返す	2
補う	2
補償	1
補充	1
補助	1
補強	1
補給	1
補足	1
裸	2
裸足	1
製	3
製作	2
製品	2
製法	1
製造	2
製鉄	1
裾	1
複写	2
複合	1
複数	2
複雑	3
褒める	3
褒美	1
褪せる	1
襖	2
襟	1
襤褸	2
襲う	1
襲撃	1
西	4
西日	1
西暦	2
西洋	3
要する	1
要するに	2
要る	4
要因	1
要旨	2
要望	1
要求	2
要点	2
要素	2
要請	1
要領	2
覆う	2
覆す	1
覆面	1
見える	3
見せびらかす	1
見せる	4
見せ物	1
見っともない	2
見る	4
見上げる	2
見下ろす	2
見事	2
見付かる	3
見付ける	3
見做す	1
見出し	2
見合い	1
見合わせる	1
見地	1
見学	2
見当	2
見慣れる	2
見掛け	2
見掛ける	1
見方	2
見晴らし	1
見本	2
見渡す	1
見物	3
見物する	3
見直す	2
見積もり	1
見窄らしい	1
見習う	1
見舞い	2
見舞う	2
見苦しい	1
見落す	1
見解	2
見計らう	1
見詰める	2
見込み	1
見送り	2
見送る	2
見逃す	1
見通し	1
規制	1
規則	3
規定	1
規律	2
規格	1
規模	1
規準	2
規範	1
規約	1
視察	1
視点	1
視覚	1
視野	1
覗く	2
覚え	1
覚える	4
覚ます	2
覚める	2
覚悟	2
親	2
親しい	2
親しむ	1
親切	2
親友	2
親善	1
親戚	2
親指	2
親父	1
親類	2
観	1
観光	2
観客	2
観察	2
観念	2
観測	2
観点	1
観衆	1
観覧	1
角	134
角度	2
解く	2
解ける	12
解剖	1
解放	2
解散	2
解決	2
解答	2
解説	2
解釈	2
解除	1
触る	3
触れる	2
言い付ける	2
言い出す	2
言い訳	1
言う	4
言わば	2
言付ける	2
言伝	1
言葉	4
言葉遣い	2
言語	2
言論	1
訂正	1
計	2
計る	2
計器	1
計画	3
計画する	3
計算	2
討つ	2
討論	1
討議	1
訓	2
訓練	2
記す	1
記事	2
記入	2
記号	2
記名	1
記念	2
記憶	2
記者	2
記載	1
記述	1
記録	2
訪ねる	3
訪れる	1
訪問	2
設ける	1
設備	2
設定	1
設立	1
設置	1
設計	2
許す	2
許可	2
許容	1
訳	23
訳す	2
訳する	2
訳す訳する	2
訴え	1
訴える	2
訴訟	1
診る	2
診察	2
診断	2
診療	1
証	1
証人	1
証拠	1
証明	2
証言	1
詐欺	1
評価	2
評判	2
評論	2
試し	2
試す	2
試み	1
試みる	1
試合	3
試行	1
試験	3
詩	2
詩人	2
詫び	1
詫びる	2
詰まらない	4
詰まり	2
詰める	2
詰る	12
話	4
話し中	2
話し合い	2
話し合う	2
話し掛ける	2
話す	4
話題	2
該当	1
詳しい	2
詳細	1
誂る	1
誇り	2
誇る	1
誇張	1
認める	2
認識	1
誓う	2
誕生	2
誕生日	4
誘う	2
誘導	1
誘惑	1
語	24
語る	2
語句	1
語学	2
語彙	1
語源	1
誠	1
誠に	1
誠実	1
誤り	2
誤る	1
誤差	1
誤解	2
誤魔化す	1
説	2
説く	1
説得	1
説明	3
読み	2
読み上げる	1
読む	4
読書	2
読者	1
誰	4
誰か	4
課	2
課外	1
課程	2
課税	2
課長	3
課題	1
調べ	1
調べる	3
調停	1
調印	1
調味料	2
調和	1
調子	2
調整	2
調査	2
調理	1
調節	2
諄い	2
請求	2
論	2
論じる	2
論じる論ずる	2
論ずる	2
論争	2
論文	2
論理	1
論議	1
諦め	1
諦める	2
諮る	1
諸	2
諸君	1
諺	2
謎	2
謎謎	2
謙る	1
謙虚	2
謙遜	2
講堂	3
講師	2
講演	2
講義	3
講習	1
講読	1
謝る	3
謝絶	1
謝罪	1
謹む	1
警備	2
警告	2
警官	4
警察	3
警戒	1
警部	1
議事堂	1
議会	2
議員	2
議案	1
議決	1
議論	2
議長	2
議題	1
譲る	2
譲歩	1
護衛	1
谷	2
豆	2
豊か	2
豊作	1
豊富	2
豚肉	4
象	2
象徴	1
豪華	2
貝	2
貝殻	1
負う	1
負かす	1
負け	2
負ける	3
負んぶ	1
負債	1
負傷	1
負担	2
財	1
財布	4
財政	1
財源	1
財産	2
貢献	2
貧しい	2
貧乏	1
貧困	1
貧弱	1
貧血	1
貨幣	1
貨物	2
販売	2
貫く	1
貫禄	1
責める	2
責任	2
責務	1
貯蓄	1
貯蔵	2
貯金	2
貰う	3
貴い	1
貴方	4
貴族	1
貴重	2
貶す	1
買い物	4
買う	4
貸し	2
貸し出し	2
貸す	4
貸家	2
貸間	2
費	2
費やす	1
費用	2
貼る	24
貿易	3
賃金	1
賄う	1
資料	2
資本	2
資格	1
資源	2
資産	1
資金	1
賑やか	4
賑わう	1
賛成	2
賛美	1
賜る	1
賞	2
賞品	2
賞金	2
賠償	1
賢い	2
賢明	1
質	2
質問	4
質疑	1
質素	1
賭け	1
賭ける	1
購入	1
購読	1
購買	1
贅沢	2
贈り物	3
贋物	1
赤	4
赤い	4
赤ちゃん	3
赤らむ	1
赤ん坊	2
赤字	1
赤道	2
走る	4
走行	1
赴く	1
赴任	1
起きる	4
起こす	3
起こる	2
起伏	1
起床	2
起源	1
起点	1
超	1
超える	2
超す	2
超過	2
越える	2
越す	2
越す超す	2
趣	1
趣味	3
趣旨	1
足	24
足し算	1
足す	3
足りる	3
足る	2
足元	2
足袋	2
足跡	2
距離	2
跡	2
跡継	1
跨ぐ	2
跨る	1
跳ねる	2
踊り	3
踊る	3
踏まえる	1
踏み込む	1
踏む	3
踏切	2
踠く	1
踵	1
蹴る	2
蹴飛ばす	1
躊躇う	2
躓く	2
身	2
身の上	1
身の回り	1
身体	2
身体付き	1
身分	2
身形	1
身振り	1
身近	1
身長	2
躾	1
躾ける	1
軈て	2
車	24
車庫	2
車掌	2
車輪	2
車道	2
軋む	1
軌道	1
軍	2
軍事	1
軍備	1
軍服	1
軍艦	1
軍隊	2
軒	23
軒並	1
軟らかい	2
転々	2
転がす	2
転がる	2
転じる	1
転じる転ずる	1
転ずる	1
転ぶ	2
転任	1
転勤	1
転回	1
転寝	1
転居	1
転換	1
転校	1
転落	1
軸	1
軽い	4
軽快	1
軽減	1
軽率	1
軽蔑	1
載せる	2
載る	2
輝く	2
輪	2
輸入	3
輸入する	3
輸出	3
輸血	2
輸送	2
輿論	1
轢く	2
辛い	24
辛うじて	1
辛抱	1
辞める	2
辞典	3
辞書	4
辞職	1
辞退	1
辟易	1
農地	1
農場	1
農家	2
農村	2
農業	2
農民	2
農産物	2
農耕	1
農薬	2
辺	4
辺り	2
辻褄	1
込む	2
込める	2
辿り着く	1
辿る	1
迅速	1
迎え	2
迎える	3
近々	2
近い	4
近く	4
近付く	2
近付ける	2
近代	2
近寄る	2
近所	3
近眼	1
近視	1
近郊	1
近頃	2
返す	4
返る	2
返事	3
返事する	3
返却	1
返済	1
返答	1
返還	1
迫る	2
迫害	1
述べる	2
述語	2
迷う	2
迷信	2
迷子	2
迷惑	2
追い付く	2
追い出す	1
追い掛ける	2
追い越す	2
追い込む	1
追う	2
追加	2
追及	1
追放	1
追跡	1
退く	2
退ける	2
退化	1
退学	1
退屈	2
退治	1
退職	1
退院	3
退院する	3
送り仮名	2
送る	3
送別	2
送料	2
送金	1
逃がす	2
逃げる	3
逃げ出す	1
逃す	1
逃れる	1
逃亡	1
逃走	1
逆	2
逆さ	2
逆らう	2
逆様	2
逆立ち	1
逆転	1
透明	2
透通る	2
途上	1
途中	3
途端	2
途絶える	1
這	2
通	2
通う	3
通じる	2
通じる通ずる	2
通す	2
通ずる	2
通り	23
通り掛かる	2
通り過ぎる	2
通る	3
通信	2
通勤	2
通学	2
通帳	2
通常	1
通用	2
通知	2
通行	2
通訳	2
通貨	2
通路	2
通過	2
速い	4
速やかに	1
速力	2
速度	2
速達	2
造り	1
造る	2
造船	2
連なる	1
連ねる	1
連れ	2
連れる	3
連中	1
連休	1
連合	2
連帯	1
連想	2
連日	1
連盟	1
連絡	3
連絡する	3
連続	2
連邦	1
逮捕	2
週間	4
進み	1
進む	3
進める	2
進出	1
進化	1
進呈	1
進学	2
進展	1
進度	1
進歩	2
進行	1
進路	1
逸らす	1
逸れる	2
遂	2
遂げる	1
遂に	2
遅い	4
遅くとも	1
遅らす	1
遅れ	1
遅れる	3
遅刻	2
遊び	3
遊ぶ	4
遊園地	2
遊牧	1
運	2
運ぶ	3
運動	3
運動する	3
運命	1
運営	1
運搬	1
運河	2
運用	1
運賃	1
運転	3
運転する	3
運転手	3
運輸	1
運送	1
遍	2
過ぎ	4
過ぎる	3
過ごす	2
過ち	1
過剰	2
過労	1
過半数	2
過去	2
過失	2
過密	1
過疎	1
過程	2
道	24
道具	3
道場	1
道徳	2
道端	1
道路	2
道順	2
達	4
達する	2
達成	1
達者	1
違い	2
違いない	2
違う	4
違える	1
違反	2
遠い	4
遠く	3
遠ざかる	1
遠回り	1
遠慮	3
遠慮する	3
遠方	1
遠足	2
遡る	2
遣い	2
遣す	2
遣り通す	1
遣り遂げる	1
遣る	34
遥か	1
適する	2
適わない	1
適宜	1
適度	2
適当	3
適応	1
適性	1
適用	2
遭う	2
遭難	1
遮る	1
選ぶ	3
選手	2
選択	2
選挙	2
選考	1
遺跡	1
避ける	12
避難	1
還元	1
還暦	1
邪魔	3
邸宅	1
郊外	3
郡	2
部	2
部下	1
部分	2
部品	2
部屋	4
部長	3
部門	1
部首	2
郵便	2
郵便局	4
郵送	2
郷土	1
郷愁	1
郷里	12
都	23
都会	2
都合	3
都市	2
都心	2
酌む	2
配る	2
配偶者	1
配分	1
配列	1
配布	1
配慮	1
配給	1
配置	1
配達	2
酒	2
酒場	2
酔う	2
酔っ払い	2
酢	2
酪農	1
酷い	3
酸	1
酸っぱい	2
酸化	1
酸性	2
酸素	2
醜い	2
醤油	4
重	2
重い	4
重たい	2
重なる	2
重ねる	2
重んじる	1
重んじるずる	1
重体	2
重力	2
重大	2
重宝	1
重役	2
重態	2
重点	2
重複	1
重要	2
重視	2
重量	2
野	2
野党	1
野外	1
野心	1
野生	1
野菜	4
量	2
量る	2
金	2
金属	2
金庫	2
金持ち	3
金曜	2
金曜日	4
金槌	1
金融	2
金銭	2
金額	2
金魚	2
釘	2
釜	2
針	2
針路	2
針金	2
釣	2
釣り合う	2
釣る	3
釣鐘	1
鈍い	2
鈍る	1
鈍感	1
鈴	2
鉄	2
鉄棒	1
鉄橋	2
鉄砲	2
鉄道	2
鉄鋼	1
鉛	1
鉛筆	4
鉢	2
鉱山	1
鉱業	1
鉱物	2
銀	2
銀行	4
銃	2
銅	2
銘々	2
鋏	2
鋭い	2
鋸	2
錆び	2
錆びる	2
錯覚	1
錯誤	1
録音	2
鍋	2
鍛える	1
鍵	4
鎖	2
鎮める	1
鏡	3
鐘	2
鑑賞	2
長	2
長い	4
長女	2
長官	1
長引く	2
長所	2
長方形	2
長期	2
長男	2
長短	2
長編	1
長長	1
長閑	1
門	4
閉じる	2
閉まる	4
閉める	4
閉会	2
閉口	1
閉鎖	1
開く	34
開ける	4
開会	2
開催	1
開始	2
開拓	1
開放	2
開発	1
開通	2
間	23
間に合う	3
間も無く	2
間接	2
間柄	1
間誤つく	1
間違い	2
間違う	2
間違える	3
間隔	2
関する	2
関与	1
関係	3
関心	2
関東	2
関税	1
関西	2
関連	2
閲覧	1
闇	1
防	2
防ぐ	2
防止	2
防火	1
防犯	2
防衛	1
阻む	1
阻止	1
降りる	4
降る	4
降ろす	2
降水	1
限り	2
限る	2
限定	1
限度	2
限界	2
陣	1
除く	2
除外	1
陰	2
陰気	1
陳列	1
陶器	1
陸	2
険しい	2
陽射し	2
陽気	2
隅	3
隊	1
階	4
階層	1
階段	4
階級	1
随分	3
随筆	2
隔たる	1
隔てる	2
隔週	1
隙	2
隙間	2
際	2
障る	1
障子	2
障害	2
隠す	2
隠れる	2
隠居	1
隣	4
隻	2
雄	1
集	2
集まる	3
集める	3
集り	2
集中	2
集会	2
集合	2
集団	2
集計	1
集金	2
雇う	2
雇用	1
雌	1
雑	1
雑巾	2
雑木	1
雑誌	4
雑談	1
雑貨	1
雑音	2
雛	1
雛祭り	1
離す	2
離れる	2
離婚	2
難	1
難い	23
難しい	4
雨	4
雨具	1
雨天	1
雨戸	2
雪	4
雪崩	1
雫	1
雰囲気	2
雲	3
零	4
零す	2
零れる	2
零点	2
雷	2
電力	2
電卓	2
電報	3
電子	2
電柱	2
電気	4
電池	2
電波	2
電流	2
電源	1
電灯	3
電球	2
電線	2
電話	4
電車	4
需要	2
震える	2
震わせる	1
霜	2
霞む	1
霧	2
霰	1
露	1
露骨	1
青	4
青い	4
青少年	2
青年	2
青春	1
青白い	2
静か	4
静まる	1
静止	1
静的	1
非	2
非常	2
非常に	3
非行	1
非難	1
面	2
面する	1
面会	1
面倒	2
面倒臭い	2
面接	2
面白い	4
面目	1
面積	2
靤	1
革	2
革命	1
革新	1
靴	4
靴下	4
鞄	4
鞠	1
音	123
音楽	4
音色	1
響き	2
響く	2
頂	1
頂きます	4
頂く	3
頂上	2
頂戴	2
頂点	2
頃	4
項目	2
順	2
順々	2
順序	2
順番	2
順調	2
預かる	2
預ける	2
預金	1
頑丈	1
頑固	1
頑張る	3
領	2
領事	2
領収	2
領土	1
領地	1
領域	1
領海	1
頬	2
頬っぺた	1
頭	124
頭痛	2
頭脳	2
頷く	2
頻りに	2
頻繁	1
頼み	2
頼む	4
頼もしい	2
頼る	2
題	2
題する	1
題名	2
額	2
顎	1
顔	4
顔付	1
顕微鏡	2
願い	2
願う	2
願書	1
類	1
類似	1
類推	1
顧みる	1
風	24
風俗	1
風呂	4
風呂敷	2
風土	1
風景	2
風習	1
風船	2
風車	1
風邪	4
飛ばす	2
飛び出す	2
飛び込む	2
飛ぶ	4
飛行	2
飛行場	3
飛行機	4
食い違う	1
食う	2
食べる	4
食べ物	4
食事	3
食事する	3
食卓	2
食品	2
食器	2
食堂	4
食塩	2
食料	2
食料品	3
食欲	2
食物	2
食糧	2
飢える	2
飢饉	2
飯	2
飲み物	4
飲み込む	1
飲む	4
飴	4
飼う	2
飼育	1
飽きる	2
飽くまで	2
飽和	1
飾り	2
飾る	3
餅	2
養う	1
養分	2
養成	1
養護	1
餌	2
館	2
饂飩	2
首	3
首相	2
首脳	1
首輪	1
首都	2
首飾り	1
香	2
香水	2
香辛料	1
馬	2
馬鹿	2
馬鹿らしい	2
馬鹿馬鹿しい	1
馴らす	1
馴れ馴れしい	1
駄作	1
駄目	3
駅	4
駆けっこ	1
駆ける	1
駆け足	1
駐車	2
駐車場	3
騒々しい	2
騒がしい	2
騒ぎ	2
騒ぐ	3
騒動	1
騒音	2
騙す	2
驚かす	2
驚き	1
驚く	3
驚異	1
骨	2
骨折	2
骨董品	1
高	2
高い	4
高まる	1
高める	2
高価	2
高原	1
高尚	1
高層	2
高度	2
高校	3
高校生	3
高等	2
高等学校	3
高級	2
高速	2
髪	3
髪の毛	2
髭	3
鬱陶しい	1
鬼	2
魂	1
魅力	2
魚	24
鮮やか	1
鳥	4
鳥居	1
鳥肉	4
鳴く	4
鳴らす	2
鳴る	3
麓	2
麻	1
麻痺	1
麻酔	1
黄色	4
黄色い	4
黄金	1
黒	4
黒い	4
黒字	1
黒板	2
黙る	2
黴	2
黴菌	1
鼠	2
鼻	4
鼾	1
齎す	1
齧る	2
Ｅメール	2
ｅメール	2
